num_vertices	np_len	np_perc	np_nanos	np_heap_len	np_heap_perc	np_heap_nanos	heap_len	heap_perc	heap_nanos	heap_mc_len	heap_mc_perc	heap_mc_nanos	greedy_len	greedy_perc	greedy_nanos	
7	38680.882705	1.000000	1017000	38680.882705	1.000000	551400	38680.882705	1.000000	0	38680.882705	1.000000	0	38680.882705	1.000000	504400	
7	30812.599736	1.000000	512700	30812.599736	1.000000	1020200	30812.599736	1.000000	0	30812.599736	1.000000	0	30812.599736	1.000000	0	
7	28884.813293	1.000000	1019000	28884.813293	1.000000	509100	29060.490708	0.993955	0	29060.490708	0.993955	509200	29060.490708	0.993955	0	
7	38750.856152	1.000000	512600	38750.856152	1.000000	1051300	38750.856152	1.000000	0	38750.856152	1.000000	0	38750.856152	1.000000	0	
7	21435.114997	1.000000	520900	21435.114997	1.000000	509600	21435.114997	1.000000	0	21435.114997	1.000000	508800	21435.114997	1.000000	0	
7	31628.070495	1.000000	508800	31628.070495	1.000000	1019100	31628.070495	1.000000	0	31628.070495	1.000000	0	32285.739660	0.979630	0	
7	30756.627092	1.000000	509600	30756.627092	1.000000	6900	30976.701607	0.992895	509100	30976.701607	0.992895	0	30976.701607	0.992895	0	
7	31340.579346	1.000000	508200	31340.579346	1.000000	1569000	31340.579346	1.000000	0	31340.579346	1.000000	0	31340.579346	1.000000	0	
7	27792.030004	1.000000	1024300	27792.030004	1.000000	514300	27792.030004	1.000000	0	27792.030004	1.000000	0	27792.030004	1.000000	0	
7	40903.968111	1.000000	1062000	40903.968111	1.000000	510300	40903.968111	1.000000	0	40903.968111	1.000000	0	40903.968111	1.000000	0	
7	39097.142815	1.000000	1018400	39097.142815	1.000000	514100	41144.708942	0.950235	0	41144.708942	0.950235	0	41144.708942	0.950235	0	
7	33557.059961	1.000000	513000	33557.059961	1.000000	511300	33557.059961	1.000000	0	33557.059961	1.000000	0	33557.059961	1.000000	0	
7	39281.165553	1.000000	510100	39281.165553	1.000000	509800	40775.305198	0.963357	0	40775.305198	0.963357	0	40775.305198	0.963357	0	
7	36852.391222	1.000000	512900	36852.391222	1.000000	1021700	38159.797240	0.965739	0	38159.797240	0.965739	0	38159.797240	0.965739	0	
7	39633.758987	1.000000	1044200	39633.758987	1.000000	525100	40520.640698	0.978113	0	40520.640698	0.978113	0	40520.640698	0.978113	0	
7	38574.753293	1.000000	510600	38574.753293	1.000000	512500	38574.753293	1.000000	0	38574.753293	1.000000	0	38574.753293	1.000000	503800	
7	34880.112933	1.000000	1025900	34880.112933	1.000000	508700	37767.985901	0.923536	0	37767.985901	0.923536	0	37767.985901	0.923536	0	
7	35413.830673	1.000000	1016600	35413.830673	1.000000	512900	35635.926743	0.993768	0	35635.926743	0.993768	509000	35635.926743	0.993768	0	
7	36833.999086	1.000000	508600	36833.999086	1.000000	1047200	36833.999086	1.000000	0	36833.999086	1.000000	0	36833.999086	1.000000	0	
7	40150.664238	1.000000	511300	40150.664238	1.000000	509100	40150.664238	1.000000	0	40150.664238	1.000000	502600	40150.664238	1.000000	0	
7	35169.713417	1.000000	580800	35169.713417	1.000000	514800	35169.713417	1.000000	0	35169.713417	1.000000	0	35169.713417	1.000000	0	
7	31768.021678	1.000000	511400	31768.021678	1.000000	509100	31768.021678	1.000000	0	31768.021678	1.000000	0	31768.021678	1.000000	536700	
7	29828.742370	1.000000	509000	29828.742370	1.000000	1047500	29828.742370	1.000000	0	29828.742370	1.000000	0	29828.742370	1.000000	0	
7	32942.396202	1.000000	525000	32942.396202	1.000000	511100	35196.253318	0.935963	0	35196.253318	0.935963	509900	35196.253318	0.935963	0	
7	27460.510978	1.000000	509300	27460.510978	1.000000	1020400	27460.510978	1.000000	0	27460.510978	1.000000	0	27460.510978	1.000000	0	
7	44485.212851	1.000000	993500	44485.212851	1.000000	0	45071.356517	0.986995	1001100	45217.406310	0.983807	0	46916.560604	0.948177	0	
7	35689.734033	1.000000	510600	35689.734033	1.000000	993800	35689.734033	1.000000	0	35689.734033	1.000000	0	35689.734033	1.000000	0	
7	42762.244671	1.000000	0	42762.244671	1.000000	1000200	42762.244671	1.000000	0	42762.244671	1.000000	0	42762.244671	1.000000	0	
7	31428.218936	1.000000	1000400	31428.218936	1.000000	0	31428.218936	1.000000	0	31428.218936	1.000000	0	31428.218936	1.000000	0	
7	34421.002445	1.000000	0	34421.002445	1.000000	999800	34421.002445	1.000000	0	34421.002445	1.000000	0	34421.002445	1.000000	0	
7	34119.079876	1.000000	1000100	34119.079876	1.000000	0	34119.079876	1.000000	0	34119.079876	1.000000	0	35332.077245	0.965669	0	
7	33574.323158	1.000000	1001100	33574.323158	1.000000	0	35878.325846	0.935783	0	35878.325846	0.935783	0	35878.325846	0.935783	0	
7	31059.205325	1.000000	999800	31059.205325	1.000000	1000900	31059.205325	1.000000	0	31059.205325	1.000000	0	31336.022395	0.991166	0	
7	42742.573331	1.000000	999900	42742.573331	1.000000	1000100	44545.127635	0.959534	0	44545.127635	0.959534	0	44545.127635	0.959534	0	
7	32145.996347	1.000000	999400	32145.996347	1.000000	1000900	32145.996347	1.000000	0	32145.996347	1.000000	0	32145.996347	1.000000	0	
7	35076.861280	1.000000	0	35076.861280	1.000000	0	35076.861280	1.000000	0	35076.861280	1.000000	0	35076.861280	1.000000	0	
7	32620.631565	1.000000	999800	32620.631565	1.000000	1000200	32620.631565	1.000000	0	32620.631565	1.000000	0	32620.631565	1.000000	0	
7	36641.884911	1.000000	0	36641.884911	1.000000	1000300	36641.884911	1.000000	0	36641.884911	1.000000	0	36641.884911	1.000000	0	
7	42401.102413	1.000000	1000200	42401.102413	1.000000	0	42401.102413	1.000000	0	42401.102413	1.000000	0	42401.102413	1.000000	0	
7	36390.505627	1.000000	1000700	36390.505627	1.000000	1000500	36390.505627	1.000000	0	36390.505627	1.000000	0	36390.505627	1.000000	0	
7	39265.922031	1.000000	0	39265.922031	1.000000	1000700	41477.926258	0.946670	0	41477.926258	0.946670	0	41627.970615	0.943258	0	
7	36912.129547	1.000000	1999800	36912.129547	1.000000	0	36912.129547	1.000000	0	36912.129547	1.000000	0	36912.129547	1.000000	0	
7	30251.745739	1.000000	999400	30251.745739	1.000000	1000300	31114.331810	0.972277	0	31114.331810	0.972277	0	31114.331810	0.972277	0	
7	32253.057057	1.000000	1000300	32253.057057	1.000000	0	32253.057057	1.000000	0	32253.057057	1.000000	0	32253.057057	1.000000	0	
7	32679.611094	1.000000	1000200	32679.611094	1.000000	1000100	32684.349706	0.999855	0	32684.349706	0.999855	0	32684.349706	0.999855	0	
7	28951.280588	1.000000	1000200	28951.280588	1.000000	0	30042.671578	0.963672	0	30042.671578	0.963672	0	30042.671578	0.963672	0	
7	35391.829153	1.000000	0	35391.829153	1.000000	1000200	35391.829153	1.000000	0	35391.829153	1.000000	0	35391.829153	1.000000	0	
7	29838.136678	1.000000	1000100	29838.136678	1.000000	0	29838.136678	1.000000	0	29838.136678	1.000000	0	29838.136678	1.000000	0	
7	33218.787488	1.000000	1000300	33218.787488	1.000000	1000300	33218.787488	1.000000	0	33218.787488	1.000000	0	33218.787488	1.000000	0	
7	39808.600293	1.000000	1000400	39808.600293	1.000000	0	39808.600293	1.000000	0	39808.600293	1.000000	0	41235.863295	0.965388	1000100	
7	36120.088599	1.000000	1001000	36120.088599	1.000000	0	36120.088599	1.000000	0	36120.088599	1.000000	0	36120.088599	1.000000	0	
7	39612.827695	1.000000	1000400	39612.827695	1.000000	1000000	40534.373173	0.977265	0	40534.373173	0.977265	0	40534.373173	0.977265	0	
7	36577.137922	1.000000	1000200	36577.137922	1.000000	0	36577.137922	1.000000	0	36577.137922	1.000000	0	36577.137922	1.000000	0	
7	36200.419667	1.000000	1016300	36200.419667	1.000000	984200	36602.566590	0.989013	0	36602.566590	0.989013	0	36602.566590	0.989013	0	
7	31937.442730	1.000000	1000100	31937.442730	1.000000	0	31937.442730	1.000000	0	31937.442730	1.000000	0	31937.442730	1.000000	0	
7	32961.823622	1.000000	1000400	32961.823622	1.000000	999900	32961.823622	1.000000	0	32961.823622	1.000000	0	32961.823622	1.000000	0	
7	35491.590602	1.000000	0	35491.590602	1.000000	1000000	35491.590602	1.000000	0	35491.590602	1.000000	0	35491.590602	1.000000	0	
7	25704.583312	1.000000	1000200	25704.583312	1.000000	0	25704.583312	1.000000	0	25704.583312	1.000000	0	25704.583312	1.000000	0	
7	29404.196253	1.000000	1000200	29404.196253	1.000000	1000000	29404.196253	1.000000	0	29404.196253	1.000000	0	29404.196253	1.000000	0	
7	30297.097838	1.000000	1000700	30297.097838	1.000000	1000700	30297.097838	1.000000	0	30297.097838	1.000000	0	30297.097838	1.000000	0	
7	33744.325004	1.000000	999800	33744.325004	1.000000	0	33744.325004	1.000000	0	33744.325004	1.000000	0	33744.325004	1.000000	0	
7	34208.126867	1.000000	1001000	34208.126867	1.000000	1000200	34208.126867	1.000000	0	34208.126867	1.000000	0	34208.126867	1.000000	0	
7	26033.864878	1.000000	999700	26033.864878	1.000000	0	26033.864878	1.000000	0	26033.864878	1.000000	0	26161.588313	0.995118	0	
7	38317.269423	1.000000	999300	38317.269423	1.000000	1001000	40300.942424	0.950778	0	40300.942424	0.950778	0	40300.942424	0.950778	0	
7	35471.762386	1.000000	1000000	35471.762386	1.000000	0	35471.762386	1.000000	0	35471.762386	1.000000	0	35471.762386	1.000000	0	
7	31286.240469	1.000000	1000700	31286.240469	1.000000	1000100	32224.187798	0.970893	0	32224.187798	0.970893	0	32224.187798	0.970893	0	
7	29498.395966	1.000000	1000200	29498.395966	1.000000	0	29498.395966	1.000000	0	29498.395966	1.000000	0	29498.395966	1.000000	0	
7	43956.475043	1.000000	999900	43956.475043	1.000000	1010700	44157.462755	0.995448	0	44157.462755	0.995448	0	44157.462755	0.995448	0	
7	46767.046211	1.000000	989800	46767.046211	1.000000	1000400	47710.184412	0.980232	0	47710.184412	0.980232	0	47710.184412	0.980232	0	
7	40301.853716	1.000000	999800	40301.853716	1.000000	0	40301.853716	1.000000	1001000	40301.853716	1.000000	0	41099.605471	0.980590	0	
7	33332.288229	1.000000	0	33332.288229	1.000000	999700	33332.288229	1.000000	0	33332.288229	1.000000	0	33332.288229	1.000000	0	
7	40672.802059	1.000000	1000200	40672.802059	1.000000	1000500	40672.802059	1.000000	0	40672.802059	1.000000	0	40672.802059	1.000000	0	
7	35797.616423	1.000000	999500	35797.616423	1.000000	0	35797.616423	1.000000	0	35797.616423	1.000000	1001000	35797.616423	1.000000	0	
7	32593.409063	1.000000	0	32593.409063	1.000000	1000100	34729.984305	0.938480	0	34729.984305	0.938480	0	34729.984305	0.938480	0	
7	27513.321231	1.000000	1000100	27513.321231	1.000000	0	27695.990038	0.993405	0	27695.990038	0.993405	1001900	27695.990038	0.993405	0	
7	31955.638699	1.000000	999200	31955.638699	1.000000	0	32119.712281	0.994892	0	32119.712281	0.994892	0	32119.712281	0.994892	0	
7	33090.497658	1.000000	999900	33090.497658	1.000000	999900	33090.497658	1.000000	0	33090.497658	1.000000	0	33090.497658	1.000000	0	
7	29973.470702	1.000000	0	29973.470702	1.000000	1000000	29973.470702	1.000000	0	29973.470702	1.000000	0	29973.470702	1.000000	0	
7	34224.569956	1.000000	1000400	34224.569956	1.000000	999900	34730.096327	0.985444	0	34730.096327	0.985444	0	34730.096327	0.985444	0	
7	41748.659992	1.000000	0	41748.659992	1.000000	1000200	43312.779150	0.963888	0	43312.779150	0.963888	0	43312.779150	0.963888	0	
7	34516.275756	1.000000	1001300	34516.275756	1.000000	999600	34516.275756	1.000000	0	34516.275756	1.000000	0	34516.275756	1.000000	0	
7	38647.538704	1.000000	1000700	38647.538704	1.000000	0	38647.538704	1.000000	0	38647.538704	1.000000	0	38647.538704	1.000000	0	
7	30721.841697	1.000000	1000500	30721.841697	1.000000	0	30721.841697	1.000000	0	30721.841697	1.000000	0	30721.841697	1.000000	0	
7	38991.882693	1.000000	998900	38991.882693	1.000000	1001600	38991.882693	1.000000	0	38991.882693	1.000000	0	40031.171958	0.974038	0	
7	34780.082846	1.000000	999600	34780.082846	1.000000	1000500	34780.082846	1.000000	0	34780.082846	1.000000	0	34780.082846	1.000000	0	
7	43054.514672	1.000000	999700	43054.514672	1.000000	0	43054.514672	1.000000	0	43054.514672	1.000000	0	43054.514672	1.000000	0	
7	40455.514267	1.000000	1000300	40455.514267	1.000000	1000300	40455.514267	1.000000	0	40455.514267	1.000000	0	40455.514267	1.000000	0	
7	33895.735798	1.000000	1000400	33895.735798	1.000000	0	33895.735798	1.000000	0	33895.735798	1.000000	0	33895.735798	1.000000	0	
7	35648.515116	1.000000	999900	35648.515116	1.000000	1000100	38328.320262	0.930083	0	38328.320262	0.930083	0	38328.320262	0.930083	0	
7	31839.096337	1.000000	1001500	31839.096337	1.000000	0	32934.529961	0.966739	0	32934.529961	0.966739	0	33400.062479	0.953265	0	
7	30144.781822	1.000000	999000	30144.781822	1.000000	1001100	30144.781822	1.000000	0	30144.781822	1.000000	0	30144.781822	1.000000	0	
7	37611.297858	1.000000	1000000	37611.297858	1.000000	0	37611.297858	1.000000	999900	37611.297858	1.000000	0	37611.297858	1.000000	0	
7	31554.809827	1.000000	1000200	31554.809827	1.000000	0	31554.809827	1.000000	0	31554.809827	1.000000	1000300	32065.776309	0.984065	0	
7	34330.907919	1.000000	0	34330.907919	1.000000	1000800	34330.907919	1.000000	0	34330.907919	1.000000	0	34330.907919	1.000000	0	
7	31233.844337	1.000000	999600	31233.844337	1.000000	1000300	31553.930205	0.989856	0	31553.930205	0.989856	0	32067.161163	0.974013	0	
7	34448.091284	1.000000	0	34448.091284	1.000000	999800	34448.091284	1.000000	0	34448.091284	1.000000	0	34448.091284	1.000000	0	
7	42328.003346	1.000000	1001400	42328.003346	1.000000	0	42700.124845	0.991285	0	42700.124845	0.991285	0	42700.124845	0.991285	0	
7	31328.521679	1.000000	0	31328.521679	1.000000	1001000	31328.521679	1.000000	0	31328.521679	1.000000	0	31328.521679	1.000000	0	
7	35541.161850	1.000000	999600	35541.161850	1.000000	0	35541.161850	1.000000	0	35541.161850	1.000000	0	35541.161850	1.000000	0	
7	39802.194545	1.000000	1000200	39802.194545	1.000000	1000200	39802.194545	1.000000	0	39802.194545	1.000000	0	39802.194545	1.000000	0	
8	41082.082596	1.000000	6002400	41082.082596	1.000000	4000700	41082.082596	1.000000	0	41082.082596	1.000000	0	41082.082596	1.000000	0	
8	37391.518749	1.000000	6000500	37391.518749	1.000000	4000700	37391.518749	1.000000	0	37391.518749	1.000000	0	37391.518749	1.000000	0	
8	35915.948204	1.000000	6001800	35915.948204	1.000000	2001800	35915.948204	1.000000	0	35915.948204	1.000000	0	35915.948204	1.000000	0	
8	41358.184396	1.000000	6000300	41358.184396	1.000000	4000200	41358.184396	1.000000	0	41358.184396	1.000000	0	41358.184396	1.000000	0	
8	38461.210094	1.000000	7001300	38461.210094	1.000000	3000800	38461.210094	1.000000	0	38461.210094	1.000000	0	38461.210094	1.000000	0	
8	37364.410261	1.000000	6001600	37364.410261	1.000000	4001800	37364.410261	1.000000	0	37364.410261	1.000000	0	37364.410261	1.000000	0	
8	37379.668275	1.000000	6000800	37379.668275	1.000000	2000600	37745.421051	0.990310	0	37745.421051	0.990310	0	37745.421051	0.990310	0	
8	39304.083587	1.000000	6001300	39304.083587	1.000000	4000300	40258.763809	0.976286	0	40258.763809	0.976286	0	40386.669095	0.973194	0	
8	28985.921548	1.000000	6002100	28985.921548	1.000000	2999900	28985.921548	1.000000	0	28985.921548	1.000000	0	28985.921548	1.000000	0	
8	34348.273643	1.000000	6002000	34348.273643	1.000000	3000800	35360.125508	0.971384	999600	35360.125508	0.971384	0	35360.125508	0.971384	0	
8	35085.750619	1.000000	6000900	35085.750619	1.000000	3001300	35085.750619	1.000000	1000600	35085.750619	1.000000	0	35085.750619	1.000000	0	
8	26849.906017	1.000000	6001200	26849.906017	1.000000	4001000	26849.906017	1.000000	1000300	26849.906017	1.000000	0	27151.177159	0.988904	0	
8	45208.301742	1.000000	5000400	45208.301742	1.000000	6002200	47535.208588	0.951049	0	47535.208588	0.951049	0	48023.488762	0.941379	0	
8	40279.884036	1.000000	6001000	40279.884036	1.000000	5002100	41012.842181	0.982129	0	41012.842181	0.982129	0	41012.842181	0.982129	0	
8	35691.803665	1.000000	5656000	35691.803665	1.000000	4000100	35691.803665	1.000000	0	35691.803665	1.000000	0	35691.803665	1.000000	0	
8	40935.367923	1.000000	6001500	40935.367923	1.000000	3000400	41077.248592	0.996546	0	41077.248592	0.996546	0	41077.248592	0.996546	0	
8	39974.055041	1.000000	6001400	39974.055041	1.000000	5001300	40962.472674	0.975870	0	40962.472674	0.975870	0	40962.472674	0.975870	0	
8	38526.079507	1.000000	6001900	38526.079507	1.000000	3000000	38526.079507	1.000000	0	38526.079507	1.000000	1000100	38526.079507	1.000000	0	
8	28690.526579	1.000000	6001500	28690.526579	1.000000	3000500	28690.526579	1.000000	0	28690.526579	1.000000	0	28690.526579	1.000000	0	
8	37839.981021	1.000000	6001400	37839.981021	1.000000	6001400	38479.636031	0.983377	0	38479.636031	0.983377	0	38479.636031	0.983377	0	
8	37107.750530	1.000000	6001500	37107.750530	1.000000	4001800	37107.750530	1.000000	0	37107.750530	1.000000	0	37107.750530	1.000000	0	
8	38200.237406	1.000000	5000500	38200.237406	1.000000	5001500	39725.981395	0.961593	0	39725.981395	0.961593	0	39725.981395	0.961593	0	
8	32632.301155	1.000000	5001100	32632.301155	1.000000	1999800	32632.301155	1.000000	0	32632.301155	1.000000	0	32632.301155	1.000000	0	
8	37744.027028	1.000000	6001300	37744.027028	1.000000	4001700	37744.027028	1.000000	0	37744.027028	1.000000	0	37744.027028	1.000000	0	
8	31882.832831	1.000000	6000700	31882.832831	1.000000	5000700	32135.152513	0.992148	1000200	32135.152513	0.992148	0	33151.757626	0.961724	0	
8	32617.550072	1.000000	5001100	32617.550072	1.000000	3001300	32617.550072	1.000000	0	32617.550072	1.000000	0	32617.550072	1.000000	0	
8	42480.231181	1.000000	6000700	42480.231181	1.000000	5001200	43353.120012	0.979866	1000200	43767.561898	0.970587	0	43353.120012	0.979866	0	
8	37911.795474	1.000000	6001300	37911.795474	1.000000	4000900	38843.694145	0.976009	0	38843.694145	0.976009	0	38843.694145	0.976009	0	
8	41466.191904	1.000000	6001600	41466.191904	1.000000	4001400	41466.191904	1.000000	0	41466.191904	1.000000	0	41466.191904	1.000000	0	
8	35135.262228	1.000000	6000800	35135.262228	1.000000	3000600	35135.262228	1.000000	0	35135.262228	1.000000	0	35135.262228	1.000000	0	
8	40941.842559	1.000000	6001200	40941.842559	1.000000	3001000	40941.842559	1.000000	0	40941.842559	1.000000	0	40941.842559	1.000000	0	
8	37854.165201	1.000000	5001200	37854.165201	1.000000	5002000	37854.165201	1.000000	0	37854.165201	1.000000	0	37854.165201	1.000000	0	
8	31630.781109	1.000000	6001000	31630.781109	1.000000	4000800	31720.069765	0.997185	0	31720.069765	0.997185	0	31720.069765	0.997185	0	
8	33927.638798	1.000000	5001100	33927.638798	1.000000	3000600	33927.638798	1.000000	0	33927.638798	1.000000	0	33927.638798	1.000000	0	
8	31510.686968	1.000000	6001900	31510.686968	1.000000	4000900	31510.686968	1.000000	0	31510.686968	1.000000	0	31510.686968	1.000000	0	
8	38572.019906	1.000000	6001000	38572.019906	1.000000	5001400	41275.245670	0.934507	0	41275.245670	0.934507	0	41275.245670	0.934507	0	
8	35624.540581	1.000000	6010600	35624.540581	1.000000	3991400	35624.540581	1.000000	0	35624.540581	1.000000	0	35624.540581	1.000000	0	
8	31719.824917	1.000000	6001600	31719.824917	1.000000	2000700	31719.824917	1.000000	0	31719.824917	1.000000	0	31719.824917	1.000000	0	
8	39241.346989	1.000000	5000800	39241.346989	1.000000	5001900	40648.415669	0.965384	999500	40648.415669	0.965384	0	41390.357674	0.948079	0	
8	41243.865645	1.000000	6001800	41243.865645	1.000000	4000900	41243.865645	1.000000	0	41243.865645	1.000000	0	41243.865645	1.000000	0	
8	42947.424145	1.000000	6001700	42947.424145	1.000000	6000500	43832.690744	0.979804	0	43832.690744	0.979804	0	43832.690744	0.979804	0	
8	33177.859072	1.000000	6001400	33177.859072	1.000000	3001200	36096.147653	0.919152	0	36096.147653	0.919152	0	37661.158829	0.880957	0	
8	39602.062899	1.000000	6000700	39602.062899	1.000000	4001200	39602.062899	1.000000	0	39602.062899	1.000000	0	39843.123096	0.993950	0	
8	34099.966489	1.000000	6001200	34099.966489	1.000000	4001800	34099.966489	1.000000	0	34099.966489	1.000000	0	34099.966489	1.000000	0	
8	33988.311957	1.000000	6000300	33988.311957	1.000000	5001400	33988.311957	1.000000	0	33988.311957	1.000000	0	33988.311957	1.000000	0	
8	36887.852120	1.000000	6000900	36887.852120	1.000000	5001200	36887.852120	1.000000	0	36887.852120	1.000000	0	36887.852120	1.000000	0	
8	34563.867255	1.000000	6001900	34563.867255	1.000000	1999900	34563.867255	1.000000	0	34563.867255	1.000000	1000200	34563.867255	1.000000	0	
8	37900.655181	1.000000	6001600	37900.655181	1.000000	4000700	37900.655181	1.000000	0	37900.655181	1.000000	0	37900.655181	1.000000	0	
8	35523.946562	1.000000	7001600	35523.946562	1.000000	4001500	35836.669233	0.991274	0	35836.669233	0.991274	0	35836.669233	0.991274	0	
8	40734.526319	1.000000	6001800	40734.526319	1.000000	5000400	40734.526319	1.000000	0	40734.526319	1.000000	0	42592.263342	0.956383	0	
8	42103.824001	1.000000	6002000	42103.824001	1.000000	5000600	42103.824001	1.000000	0	42103.824001	1.000000	0	42590.325638	0.988577	0	
8	37374.661084	1.000000	6001100	37374.661084	1.000000	3001000	37374.661084	1.000000	0	37374.661084	1.000000	0	37374.661084	1.000000	0	
8	39035.299529	1.000000	6000900	39035.299529	1.000000	3000500	39035.299529	1.000000	0	39035.299529	1.000000	0	39035.299529	1.000000	0	
8	32199.365324	1.000000	7001500	32199.365324	1.000000	3000500	32199.365324	1.000000	0	32199.365324	1.000000	0	32199.365324	1.000000	0	
8	41850.131342	1.000000	6001800	41850.131342	1.000000	5001700	42541.748815	0.983743	0	42541.748815	0.983743	0	42541.748815	0.983743	0	
8	38086.920346	1.000000	5001200	38086.920346	1.000000	3000200	38086.920346	1.000000	0	38086.920346	1.000000	0	38086.920346	1.000000	0	
8	42778.084422	1.000000	5001200	42778.084422	1.000000	7001300	45479.377924	0.940604	0	46245.106459	0.925029	0	45479.377924	0.940604	0	
8	35264.793104	1.000000	6001100	35264.793104	1.000000	3001100	35264.793104	1.000000	0	35264.793104	1.000000	0	35264.793104	1.000000	0	
8	37785.311704	1.000000	6001000	37785.311704	1.000000	6002200	37785.311704	1.000000	999900	37785.311704	1.000000	0	37785.311704	1.000000	0	
8	28858.243829	1.000000	6002100	28858.243829	1.000000	5000400	29619.588004	0.974296	0	29619.588004	0.974296	0	29619.588004	0.974296	0	
8	41727.967825	1.000000	6002000	41727.967825	1.000000	4000200	41727.967825	1.000000	0	41727.967825	1.000000	0	41727.967825	1.000000	0	
8	32781.475180	1.000000	6002300	32781.475180	1.000000	5001300	32781.475180	1.000000	0	32781.475180	1.000000	0	32781.475180	1.000000	0	
8	30751.503063	1.000000	6001100	30751.503063	1.000000	5000500	30751.503063	1.000000	0	30751.503063	1.000000	0	30751.503063	1.000000	0	
8	32487.167854	1.000000	6001200	32487.167854	1.000000	4000900	32487.167854	1.000000	0	32487.167854	1.000000	0	32489.336048	0.999933	0	
8	37157.998482	1.000000	6001500	37157.998482	1.000000	3000900	37157.998482	1.000000	0	37157.998482	1.000000	1000400	37157.998482	1.000000	0	
8	44554.950209	1.000000	6000400	44554.950209	1.000000	5002300	47159.216965	0.944777	0	47159.216965	0.944777	0	47159.216965	0.944777	0	
8	34813.066332	1.000000	7000700	34813.066332	1.000000	4001200	39217.504517	0.887692	0	39217.504517	0.887692	0	39217.504517	0.887692	0	
8	40238.056199	1.000000	6001700	40238.056199	1.000000	3000600	40238.056199	1.000000	0	40238.056199	1.000000	0	40238.056199	1.000000	0	
8	36117.900649	1.000000	6000900	36117.900649	1.000000	3000700	36117.900649	1.000000	0	36117.900649	1.000000	0	36117.900649	1.000000	0	
8	41306.262678	1.000000	6001000	41306.262678	1.000000	6001600	41306.262678	1.000000	0	41306.262678	1.000000	0	41631.762681	0.992181	0	
8	31798.548424	1.000000	6585800	31798.548424	1.000000	3605000	31798.548424	1.000000	0	31798.548424	1.000000	0	31798.548424	1.000000	0	
8	34418.034149	1.000000	6237200	34418.034149	1.000000	2561000	34418.034149	1.000000	0	34418.034149	1.000000	7700	34418.034149	1.000000	0	
8	41278.225674	1.000000	5691700	41278.225674	1.000000	4768100	41278.225674	1.000000	0	41278.225674	1.000000	0	41278.225674	1.000000	504400	
8	31469.026682	1.000000	5680900	31469.026682	1.000000	4150400	32169.064373	0.978239	0	32169.064373	0.978239	0	32169.064373	0.978239	503800	
8	39613.740286	1.000000	5726700	39613.740286	1.000000	2000600	39613.740286	1.000000	0	39613.740286	1.000000	0	39613.740286	1.000000	0	
8	37774.630171	1.000000	6001200	37774.630171	1.000000	5000700	39752.712418	0.950240	0	39752.712418	0.950240	0	39752.712418	0.950240	0	
8	36649.994027	1.000000	6002000	36649.994027	1.000000	4001500	36649.994027	1.000000	0	36649.994027	1.000000	0	36649.994027	1.000000	0	
8	36490.329711	1.000000	6000700	36490.329711	1.000000	5000700	36490.329711	1.000000	0	36490.329711	1.000000	0	36492.349505	0.999945	0	
8	33674.086646	1.000000	6001200	33674.086646	1.000000	5002000	35184.572003	0.957070	0	35184.572003	0.957070	0	36264.756715	0.928562	0	
8	34139.619505	1.000000	6000200	34139.619505	1.000000	4001500	34139.619505	1.000000	0	34139.619505	1.000000	0	34139.619505	1.000000	0	
8	32656.966452	1.000000	6001000	32656.966452	1.000000	3000800	32656.966452	1.000000	0	32656.966452	1.000000	0	32656.966452	1.000000	0	
8	37346.821501	1.000000	6001200	37346.821501	1.000000	4000600	37346.821501	1.000000	0	37346.821501	1.000000	0	37346.821501	1.000000	0	
8	43568.247072	1.000000	6002100	43568.247072	1.000000	5000300	46027.188581	0.946576	0	46027.188581	0.946576	0	46027.188581	0.946576	0	
8	41178.848971	1.000000	6001300	41178.848971	1.000000	4002200	41178.848971	1.000000	0	41178.848971	1.000000	0	41178.848971	1.000000	0	
8	35918.283546	1.000000	6000100	35918.283546	1.000000	4001000	35918.283546	1.000000	0	35918.283546	1.000000	0	35978.825723	0.998317	0	
8	37316.389042	1.000000	6001600	37316.389042	1.000000	5000900	37316.389042	1.000000	0	37316.389042	1.000000	0	37316.389042	1.000000	0	
8	36144.522645	1.000000	6001000	36144.522645	1.000000	5001700	37116.102704	0.973823	0	37116.102704	0.973823	0	37790.880378	0.956435	0	
8	33076.877045	1.000000	6001600	33076.877045	1.000000	5001000	33076.877045	1.000000	0	33076.877045	1.000000	0	33076.877045	1.000000	0	
8	33947.437927	1.000000	5001200	33947.437927	1.000000	5001700	33947.437927	1.000000	0	33947.437927	1.000000	0	33947.437927	1.000000	0	
8	28655.756933	1.000000	6000800	28655.756933	1.000000	2000800	28655.756933	1.000000	1000800	28655.756933	1.000000	0	28655.756933	1.000000	0	
8	33369.181195	1.000000	6001300	33369.181195	1.000000	3999500	33984.494144	0.981894	0	33984.494144	0.981894	0	33984.494144	0.981894	0	
8	39639.794511	1.000000	6001800	39639.794511	1.000000	4000600	39639.794511	1.000000	0	39639.794511	1.000000	0	39639.794511	1.000000	0	
8	31870.329986	1.000000	6001000	31870.329986	1.000000	4001000	31870.329986	1.000000	0	31870.329986	1.000000	0	31870.329986	1.000000	0	
8	38713.270299	1.000000	6001300	38713.270299	1.000000	5001500	38713.270299	1.000000	0	38713.270299	1.000000	0	38856.140782	0.996323	0	
8	34166.923801	1.000000	6001100	34166.923801	1.000000	5001500	34166.923801	1.000000	0	34166.923801	1.000000	0	34166.923801	1.000000	0	
8	35005.089100	1.000000	6001100	35005.089100	1.000000	4000700	35005.089100	1.000000	0	35005.089100	1.000000	0	35005.089100	1.000000	0	
8	39223.757213	1.000000	6001400	39223.757213	1.000000	4001500	39223.757213	1.000000	0	39223.757213	1.000000	0	39223.757213	1.000000	0	
8	40652.460429	1.000000	6001500	40652.460429	1.000000	5001800	40898.918788	0.993974	0	40898.918788	0.993974	0	42204.100357	0.963235	0	
8	40027.358686	1.000000	6000200	40027.358686	1.000000	5002200	42236.844830	0.947688	0	42236.844830	0.947688	0	42236.844830	0.947688	0	
8	39613.549425	1.000000	6000000	39613.549425	1.000000	4001600	39613.549425	1.000000	0	39613.549425	1.000000	0	39613.549425	1.000000	0	
9	37840.746832	1.000000	64013400	37840.746832	1.000000	24006500	37840.746832	1.000000	0	37840.746832	1.000000	0	37840.746832	1.000000	0	
9	44622.295952	1.000000	67064600	44622.295952	1.000000	30007400	45236.365585	0.986425	999800	45236.365585	0.986425	0	45236.365585	0.986425	0	
9	31755.511692	1.000000	66015200	31755.511692	1.000000	39008000	32286.619888	0.983550	0	32286.619888	0.983550	1001200	32286.619888	0.983550	0	
9	31997.907797	1.000000	66014600	31997.907797	1.000000	30006600	31997.907797	1.000000	0	31997.907797	1.000000	0	31997.907797	1.000000	0	
9	45314.040963	1.000000	67014300	45314.040963	1.000000	37008900	48612.387656	0.932150	0	48612.387656	0.932150	0	48612.387656	0.932150	0	
9	41092.350750	1.000000	67015000	41092.350750	1.000000	35008000	42270.706004	0.972124	0	42270.706004	0.972124	0	42270.706004	0.972124	0	
9	39756.701097	1.000000	65014400	39756.701097	1.000000	32006100	39756.701097	1.000000	0	39756.701097	1.000000	0	39756.701097	1.000000	0	
9	38437.364680	1.000000	66014700	38437.364680	1.000000	22005300	38437.364680	1.000000	0	38437.364680	1.000000	0	38584.032169	0.996199	0	
9	46363.462487	1.000000	66027500	46363.462487	1.000000	37996000	47574.258729	0.974549	0	47574.258729	0.974549	0	47902.245075	0.967877	0	
9	39693.827037	1.000000	66015000	39693.827037	1.000000	43009100	39693.827037	1.000000	1000100	39693.827037	1.000000	0	39693.827037	1.000000	0	
9	39060.772751	1.000000	66014500	39060.772751	1.000000	23006000	39060.772751	1.000000	0	39060.772751	1.000000	0	39060.772751	1.000000	0	
9	41983.134940	1.000000	65561500	41983.134940	1.000000	19004400	41983.134940	1.000000	0	41983.134940	1.000000	0	41983.134940	1.000000	0	
9	39095.808968	1.000000	68014000	39095.808968	1.000000	14005700	39095.808968	1.000000	0	39095.808968	1.000000	0	39095.808968	1.000000	0	
9	34531.068869	1.000000	67013200	34531.068869	1.000000	10003300	34531.068869	1.000000	0	34531.068869	1.000000	0	34531.068869	1.000000	0	
9	40577.418141	1.000000	65013600	40577.418141	1.000000	33007600	40770.169410	0.995272	0	40770.169410	0.995272	0	40770.169410	0.995272	0	
9	43228.079884	1.000000	68016100	43228.079884	1.000000	25005100	49587.675064	0.871750	0	49587.675064	0.871750	0	50086.069755	0.863076	0	
9	46545.520046	1.000000	72015800	46545.520046	1.000000	27006500	46545.520046	1.000000	0	46545.520046	1.000000	0	46545.520046	1.000000	0	
9	45071.886907	1.000000	66015300	45071.886907	1.000000	26005400	47711.579260	0.944674	0	47711.579260	0.944674	0	47711.579260	0.944674	0	
9	43477.222254	1.000000	68029400	43477.222254	1.000000	35994300	43477.222254	1.000000	0	43477.222254	1.000000	0	43477.222254	1.000000	0	
9	38673.767112	1.000000	66013600	38673.767112	1.000000	37009800	38673.767112	1.000000	0	38673.767112	1.000000	0	38673.767112	1.000000	999600	
9	36663.395066	1.000000	66014200	36663.395066	1.000000	24006300	36663.395066	1.000000	0	36663.395066	1.000000	0	36663.395066	1.000000	0	
9	43953.463253	1.000000	67026500	43953.463253	1.000000	29994400	43953.463253	1.000000	0	43953.463253	1.000000	0	43953.463253	1.000000	0	
9	36925.817225	1.000000	66616300	36925.817225	1.000000	21005100	36925.817225	1.000000	0	36925.817225	1.000000	0	36925.817225	1.000000	0	
9	41609.104542	1.000000	66014400	41609.104542	1.000000	30006700	42414.777114	0.981005	0	42414.777114	0.981005	0	42414.777114	0.981005	0	
9	39928.143687	1.000000	68015700	39928.143687	1.000000	39009200	39928.143687	1.000000	999400	39928.143687	1.000000	1001400	39928.143687	1.000000	0	
9	42192.953035	1.000000	67016000	42192.953035	1.000000	28005000	45322.043523	0.930959	0	45322.043523	0.930959	0	47371.747680	0.890678	0	
9	35108.127250	1.000000	68015300	35108.127250	1.000000	60013400	35275.139059	0.995265	1000000	35275.139059	0.995265	0	35275.139059	0.995265	0	
9	31815.131035	1.000000	68015300	31815.131035	1.000000	42009900	31815.131035	1.000000	0	31815.131035	1.000000	0	31815.131035	1.000000	0	
9	42168.407748	1.000000	67014300	42168.407748	1.000000	40008800	44444.526247	0.948787	0	44444.526247	0.948787	0	44928.673328	0.938563	0	
9	42631.172069	1.000000	66014600	42631.172069	1.000000	27007200	42631.172069	1.000000	0	42631.172069	1.000000	0	43214.026861	0.986512	0	
9	40703.673534	1.000000	66013800	40703.673534	1.000000	18004100	40703.673534	1.000000	0	40703.673534	1.000000	0	40703.673534	1.000000	0	
9	43071.104283	1.000000	68015300	43071.104283	1.000000	32397200	43071.104283	1.000000	0	43071.104283	1.000000	0	43071.104283	1.000000	0	
9	35100.647128	1.000000	65564300	35100.647128	1.000000	29749900	35100.647128	1.000000	0	35100.647128	1.000000	0	35100.647128	1.000000	0	
9	40171.858538	1.000000	66014100	40171.858538	1.000000	39010200	40171.858538	1.000000	999200	40171.858538	1.000000	0	41303.149914	0.972610	0	
9	42947.746274	1.000000	66014800	42947.746274	1.000000	20004800	43531.345326	0.986594	0	43531.345326	0.986594	1000100	43531.345326	0.986594	0	
9	30894.496174	1.000000	65015000	30894.496174	1.000000	49011200	30894.496174	1.000000	1000100	30894.496174	1.000000	0	30894.496174	1.000000	0	
9	34830.766458	1.000000	65014200	34830.766458	1.000000	30007000	34830.766458	1.000000	0	34830.766458	1.000000	0	35170.859486	0.990330	0	
9	41135.437537	1.000000	75017200	41135.437537	1.000000	33007500	41930.273410	0.981044	0	41930.273410	0.981044	0	41930.273410	0.981044	0	
9	38069.342497	1.000000	68014600	38069.342497	1.000000	26005700	38069.342497	1.000000	0	38069.342497	1.000000	0	38069.342497	1.000000	0	
9	39996.834040	1.000000	66015400	39996.834040	1.000000	20003900	39996.834040	1.000000	0	39996.834040	1.000000	0	39996.834040	1.000000	0	
9	43170.298370	1.000000	67016000	43170.298370	1.000000	18003700	43170.298370	1.000000	0	43170.298370	1.000000	0	43170.298370	1.000000	0	
9	43087.913370	1.000000	66014200	43087.913370	1.000000	50557200	43997.390397	0.979329	0	43997.390397	0.979329	0	44485.883419	0.968575	0	
9	36956.224893	1.000000	66010300	36956.224893	1.000000	43009000	36956.224893	1.000000	1000400	36956.224893	1.000000	0	36956.224893	1.000000	0	
9	32984.457917	1.000000	67015200	32984.457917	1.000000	32011600	32984.457917	1.000000	0	32984.457917	1.000000	0	32984.457917	1.000000	0	
9	39289.992597	1.000000	67321000	39289.992597	1.000000	21003900	39289.992597	1.000000	0	39289.992597	1.000000	0	39289.992597	1.000000	0	
9	43635.875425	1.000000	66015300	43635.875425	1.000000	32006800	43635.875425	1.000000	0	43635.875425	1.000000	0	43635.875425	1.000000	0	
9	40235.956049	1.000000	66014500	40235.956049	1.000000	26005800	40235.956049	1.000000	0	40235.956049	1.000000	0	40235.956049	1.000000	0	
9	44769.389852	1.000000	66014800	44769.389852	1.000000	31007300	44769.389852	1.000000	0	44769.389852	1.000000	0	44769.389852	1.000000	0	
9	48614.455007	1.000000	66015800	48614.455007	1.000000	33006400	51835.723505	0.937856	0	51835.723505	0.937856	0	52876.436675	0.919397	1000000	
9	40965.265421	1.000000	65014700	40965.265421	1.000000	27006200	40965.265421	1.000000	0	40965.265421	1.000000	0	41129.798454	0.996000	0	
9	45361.541706	1.000000	66015400	45361.541706	1.000000	34027900	45361.541706	1.000000	0	45361.541706	1.000000	0	45361.541706	1.000000	0	
9	37525.268760	1.000000	65994000	37525.268760	1.000000	32007100	37525.268760	1.000000	1076500	37525.268760	1.000000	0	37775.948536	0.993364	0	
9	37754.643940	1.000000	65474800	37754.643940	1.000000	30006900	38733.507860	0.974728	1000100	38733.507860	0.974728	0	38960.287258	0.969055	0	
9	45824.280565	1.000000	67016100	45824.280565	1.000000	26004900	45824.280565	1.000000	0	45824.280565	1.000000	0	45824.280565	1.000000	0	
9	46956.684707	1.000000	66015900	46956.684707	1.000000	32006900	46956.684707	1.000000	0	46956.684707	1.000000	0	47725.050681	0.983900	0	
9	45197.470521	1.000000	66015000	45197.470521	1.000000	36007500	45608.576241	0.990986	0	45608.576241	0.990986	0	45608.576241	0.990986	0	
9	51405.785445	1.000000	66014600	51405.785445	1.000000	32007500	51650.026213	0.995271	0	51650.026213	0.995271	0	51650.026213	0.995271	0	
9	38897.629350	1.000000	66014700	38897.629350	1.000000	28005900	38897.629350	1.000000	0	38897.629350	1.000000	0	38897.629350	1.000000	0	
9	43461.626554	1.000000	66015300	43461.626554	1.000000	20005000	43461.626554	1.000000	0	43461.626554	1.000000	0	43461.626554	1.000000	0	
9	42453.810227	1.000000	66014100	42453.810227	1.000000	33008000	42453.810227	1.000000	0	42453.810227	1.000000	0	42453.810227	1.000000	1000600	
9	36519.094387	1.000000	69014300	36519.094387	1.000000	25006100	36519.094387	1.000000	0	36519.094387	1.000000	0	36519.094387	1.000000	0	
9	33909.048421	1.000000	66014900	33909.048421	1.000000	23004600	34925.427095	0.970899	0	34925.427095	0.970899	1000500	34925.427095	0.970899	0	
9	33306.854870	1.000000	66014600	33306.854870	1.000000	23547900	33306.854870	1.000000	0	33306.854870	1.000000	0	33306.854870	1.000000	0	
9	44209.201689	1.000000	65003400	44209.201689	1.000000	16003500	44209.201689	1.000000	0	44209.201689	1.000000	0	44209.201689	1.000000	0	
9	32641.894074	1.000000	73016100	32641.894074	1.000000	28065700	33173.260853	0.983982	0	33173.260853	0.983982	0	33173.260853	0.983982	0	
9	41863.489741	1.000000	66014600	41863.489741	1.000000	29006400	43933.404731	0.952885	0	43933.404731	0.952885	1000100	43933.404731	0.952885	0	
9	42814.138475	1.000000	68015700	42814.138475	1.000000	60013500	42814.138475	1.000000	6001200	43271.708933	0.989426	5000600	45701.474442	0.936822	0	
9	34131.410427	1.000000	67015000	34131.410427	1.000000	18497400	34131.410427	1.000000	556900	34131.410427	1.000000	0	34131.410427	1.000000	529100	
9	43584.442275	1.000000	66565800	43584.442275	1.000000	20005500	43584.442275	1.000000	0	43584.442275	1.000000	0	43584.442275	1.000000	0	
9	32591.103667	1.000000	67014700	32591.103667	1.000000	20019200	32591.103667	1.000000	0	32591.103667	1.000000	0	32591.103667	1.000000	0	
9	35017.951953	1.000000	67001100	35017.951953	1.000000	31006000	35017.951953	1.000000	0	35017.951953	1.000000	0	35017.951953	1.000000	0	
9	49923.981297	1.000000	66015100	49923.981297	1.000000	51010600	50730.017232	0.984111	0	50730.017232	0.984111	1000300	50730.017232	0.984111	0	
9	42274.857216	1.000000	66015300	42274.857216	1.000000	26543100	43298.105939	0.976367	0	43298.105939	0.976367	0	43298.105939	0.976367	0	
9	35643.788929	1.000000	66014900	35643.788929	1.000000	29007300	35643.788929	1.000000	0	35643.788929	1.000000	0	35643.788929	1.000000	0	
9	40970.889564	1.000000	70015200	40970.889564	1.000000	23006100	40970.889564	1.000000	0	40970.889564	1.000000	0	40970.889564	1.000000	0	
9	41384.977471	1.000000	69013900	41384.977471	1.000000	20005100	41384.977471	1.000000	0	41384.977471	1.000000	0	41384.977471	1.000000	0	
9	41916.978009	1.000000	68014700	41916.978009	1.000000	45010100	42208.269213	0.993099	0	42208.269213	0.993099	1000600	42208.269213	0.993099	0	
9	34795.147692	1.000000	65015100	34795.147692	1.000000	23005800	35177.135170	0.989141	0	35177.135170	0.989141	0	35177.135170	0.989141	0	
9	37662.781604	1.000000	66014200	37662.781604	1.000000	26006500	39381.029285	0.956369	0	39381.029285	0.956369	0	40200.241128	0.936879	0	
9	43201.833721	1.000000	66014900	43201.833721	1.000000	23005200	43201.833721	1.000000	0	43201.833721	1.000000	0	43201.833721	1.000000	0	
9	32648.799204	1.000000	66015100	32648.799204	1.000000	20004500	34095.867433	0.957559	0	34095.867433	0.957559	0	34095.867433	0.957559	0	
9	37050.556848	1.000000	65014800	37050.556848	1.000000	28006100	37050.556848	1.000000	1000200	37050.556848	1.000000	0	37050.556848	1.000000	0	
9	46746.683126	1.000000	65014800	46746.683126	1.000000	36008700	46946.587375	0.995742	0	46946.587375	0.995742	0	46946.587375	0.995742	0	
9	42466.612392	1.000000	64559500	42466.612392	1.000000	52012400	42466.612392	1.000000	1001300	42466.612392	1.000000	0	42466.612392	1.000000	0	
9	36383.118377	1.000000	67013100	36383.118377	1.000000	15004300	36383.118377	1.000000	0	36383.118377	1.000000	0	36383.118377	1.000000	0	
9	48425.745835	1.000000	67014000	48425.745835	1.000000	37007900	48966.800454	0.988951	0	48966.800454	0.988951	0	48966.800454	0.988951	0	
9	36492.409151	1.000000	66014800	36492.409151	1.000000	18004300	36492.409151	1.000000	0	36492.409151	1.000000	0	36492.409151	1.000000	0	
9	44649.631016	1.000000	66015800	44649.631016	1.000000	46010000	44649.631016	1.000000	999800	44649.631016	1.000000	0	44881.212396	0.994840	0	
9	44297.513882	1.000000	66015700	44297.513882	1.000000	39007900	44659.051644	0.991904	0	44659.051644	0.991904	1000900	44659.051644	0.991904	0	
9	45657.238457	1.000000	65014400	45657.238457	1.000000	24005400	47214.497133	0.967017	0	47214.497133	0.967017	1000000	47214.497133	0.967017	0	
9	36285.460104	1.000000	65014300	36285.460104	1.000000	23004900	36285.460104	1.000000	0	36285.460104	1.000000	0	36285.460104	1.000000	0	
9	42527.354770	1.000000	66015200	42527.354770	1.000000	25005700	42527.354770	1.000000	0	42527.354770	1.000000	0	42527.354770	1.000000	0	
9	37683.647057	1.000000	66014700	37683.647057	1.000000	18004700	37683.647057	1.000000	0	37683.647057	1.000000	0	37683.647057	1.000000	0	
9	41599.339861	1.000000	65013900	41599.339861	1.000000	30101900	42016.951244	0.990061	0	42016.951244	0.990061	0	42016.951244	0.990061	0	
9	41912.450918	1.000000	65988600	41912.450918	1.000000	20004400	41912.450918	1.000000	0	41912.450918	1.000000	0	41912.450918	1.000000	0	
9	40989.196828	1.000000	66014500	40989.196828	1.000000	29006600	40989.196828	1.000000	1000100	40989.196828	1.000000	0	40989.196828	1.000000	0	
9	39377.946381	1.000000	65014600	39377.946381	1.000000	19088900	39377.946381	1.000000	0	39377.946381	1.000000	0	39377.946381	1.000000	0	
9	44008.738479	1.000000	65930300	44008.738479	1.000000	23005200	44008.738479	1.000000	0	44008.738479	1.000000	0	44008.738479	1.000000	0	
9	39337.658716	1.000000	66014700	39337.658716	1.000000	16004100	39337.658716	1.000000	1000100	39337.658716	1.000000	0	39337.658716	1.000000	0	
9	40070.770082	1.000000	66014900	40070.770082	1.000000	25006100	41518.778870	0.965124	0	41518.778870	0.965124	0	41918.771655	0.955915	0	
10	40012.453491	1.000000	753700700	40012.453491	1.000000	182040600	40012.453491	1.000000	0	40012.453491	1.000000	0	40012.453491	1.000000	0	
10	48412.974580	1.000000	751705800	48412.974580	1.000000	355078600	48412.974580	1.000000	1000300	48412.974580	1.000000	1000000	48412.974580	1.000000	0	
10	39329.180006	1.000000	759712400	39329.180006	1.000000	93020300	43144.613427	0.911566	0	43144.613427	0.911566	0	43144.613427	0.911566	0	
10	33799.717485	1.000000	752703800	33799.717485	1.000000	152035200	33799.717485	1.000000	0	33799.717485	1.000000	0	33799.717485	1.000000	0	
10	38959.813866	1.000000	749709000	38959.813866	1.000000	162037200	38959.813866	1.000000	999100	38959.813866	1.000000	0	38959.813866	1.000000	0	
10	44161.597754	1.000000	746179800	44161.597754	1.000000	191092300	44161.597754	1.000000	951100	44161.597754	1.000000	0	44703.868507	0.987870	0	
10	49154.145122	1.000000	748167500	49154.145122	1.000000	361623300	51583.843393	0.952898	998900	51583.843393	0.952898	0	51583.843393	0.952898	0	
10	43261.180997	1.000000	753338500	43261.180997	1.000000	270060900	44814.523065	0.965338	1000000	44814.523065	0.965338	0	46401.953520	0.932314	0	
10	35562.389613	1.000000	758035400	35562.389613	1.000000	46010900	35562.389613	1.000000	0	35562.389613	1.000000	0	35562.389613	1.000000	0	
10	43760.192049	1.000000	749808500	43760.192049	1.000000	249597400	47017.918589	0.930713	2000600	47017.918589	0.930713	0	47017.918589	0.930713	0	
10	41273.790459	1.000000	751168600	41273.790459	1.000000	266064800	41385.550029	0.997300	0	41385.550029	0.997300	0	41385.550029	0.997300	0	
10	41568.879330	1.000000	748168200	41568.879330	1.000000	116102800	41568.879330	1.000000	0	41568.879330	1.000000	0	41568.879330	1.000000	1000100	
10	38792.414817	1.000000	748168000	38792.414817	1.000000	315083000	40328.220271	0.961917	0	40328.220271	0.961917	0	40328.220271	0.961917	0	
10	36389.096535	1.000000	747158700	36389.096535	1.000000	269060100	36389.096535	1.000000	0	36389.096535	1.000000	1000400	37630.134331	0.967020	0	
10	42098.275478	1.000000	748168300	42098.275478	1.000000	325610000	42248.171756	0.996452	0	42248.171756	0.996452	0	42356.048702	0.993914	0	
10	46703.761366	1.000000	748168400	46703.761366	1.000000	160574700	46703.761366	1.000000	999200	46703.761366	1.000000	0	46703.761366	1.000000	0	
10	38904.654011	1.000000	751168800	38904.654011	1.000000	99022600	38904.654011	1.000000	0	38904.654011	1.000000	0	38904.654011	1.000000	0	
10	41148.760171	1.000000	747760000	41148.760171	1.000000	225050600	41148.760171	1.000000	4001500	41148.760171	1.000000	0	41322.805864	0.995788	0	
10	37641.286696	1.000000	750935400	37641.286696	1.000000	189042300	37641.286696	1.000000	0	37641.286696	1.000000	0	37641.286696	1.000000	0	
10	45076.246065	1.000000	748701800	45076.246065	1.000000	252136000	45515.674031	0.990346	0	45515.674031	0.990346	1001400	45515.674031	0.990346	0	
10	45876.044794	1.000000	756630600	45876.044794	1.000000	158036400	45876.044794	1.000000	999700	45876.044794	1.000000	0	45876.044794	1.000000	0	
10	40982.046143	1.000000	758709200	40982.046143	1.000000	147033400	40982.046143	1.000000	0	40982.046143	1.000000	0	40982.046143	1.000000	0	
10	38477.610858	1.000000	760288600	38477.610858	1.000000	334074500	38477.610858	1.000000	1000500	38785.949127	0.992050	0	38785.949127	0.992050	0	
10	39504.914292	1.000000	750706500	39504.914292	1.000000	127030200	43986.228960	0.898120	0	43986.228960	0.898120	998600	43986.228960	0.898120	0	
10	41526.128128	1.000000	754231300	41526.128128	1.000000	227051600	45963.125125	0.903466	0	45963.125125	0.903466	0	45963.125125	0.903466	0	
10	50924.143406	1.000000	750709800	50924.143406	1.000000	297719500	52284.612300	0.973980	3000700	52284.612300	0.973980	0	52667.114832	0.966906	0	
10	45208.675425	1.000000	759711200	45208.675425	1.000000	227050100	45208.675425	1.000000	1001500	45208.675425	1.000000	0	46804.753180	0.965899	0	
10	41087.601517	1.000000	751701700	41087.601517	1.000000	190042600	41742.866905	0.984302	0	41742.866905	0.984302	0	42115.993856	0.975582	0	
10	37362.731276	1.000000	762132600	37362.731276	1.000000	219050100	37472.936289	0.997059	1000300	37472.936289	0.997059	0	37472.936289	0.997059	0	
10	33895.783453	1.000000	750699900	33895.783453	1.000000	217049200	33895.783453	1.000000	0	33895.783453	1.000000	0	33895.783453	1.000000	0	
10	47629.252534	1.000000	747693700	47629.252534	1.000000	259059900	47629.252534	1.000000	0	47629.252534	1.000000	0	47629.252534	1.000000	0	
10	35724.675833	1.000000	755262500	35724.675833	1.000000	115025700	35724.675833	1.000000	0	35724.675833	1.000000	1000500	36953.169579	0.966755	0	
10	39377.578216	1.000000	757310100	39377.578216	1.000000	158036600	39377.578216	1.000000	0	39377.578216	1.000000	0	39377.578216	1.000000	0	
10	40373.408960	1.000000	759317600	40373.408960	1.000000	338075600	40373.408960	1.000000	1000500	40373.408960	1.000000	999800	40407.870485	0.999147	0	
10	41883.122177	1.000000	767681100	41883.122177	1.000000	134029900	42313.927250	0.989819	0	42313.927250	0.989819	0	42313.927250	0.989819	0	
10	44868.448919	1.000000	756729100	44868.448919	1.000000	141031500	47291.879674	0.948756	0	47291.879674	0.948756	999900	47291.879674	0.948756	0	
10	52383.192153	1.000000	745167500	52383.192153	1.000000	525659900	52383.192153	1.000000	1000200	52383.192153	1.000000	0	53473.202230	0.979616	0	
10	37900.022940	1.000000	757698700	37900.022940	1.000000	432097500	38482.243388	0.984870	1009300	38482.243388	0.984870	1000200	39032.997689	0.970974	0	
10	40581.214679	1.000000	744693200	40581.214679	1.000000	151033700	40581.214679	1.000000	0	40581.214679	1.000000	0	40581.214679	1.000000	0	
10	34790.476578	1.000000	751169400	34790.476578	1.000000	84018400	34790.476578	1.000000	0	34790.476578	1.000000	0	34790.476578	1.000000	0	
10	41856.486894	1.000000	751915000	41856.486894	1.000000	353079900	43247.613965	0.967833	2000000	43247.613965	0.967833	0	43247.613965	0.967833	0	
10	46741.699378	1.000000	750696900	46741.699378	1.000000	190042100	46741.699378	1.000000	0	46741.699378	1.000000	1000100	47951.172236	0.974777	0	
10	36297.488362	1.000000	749700900	36297.488362	1.000000	123027200	36297.488362	1.000000	0	36297.488362	1.000000	0	36297.488362	1.000000	0	
10	38958.980755	1.000000	750168500	38958.980755	1.000000	330074300	38958.980755	1.000000	1000100	38958.980755	1.000000	0	38958.980755	1.000000	0	
10	44849.440887	1.000000	745703900	44849.440887	1.000000	252056700	44849.440887	1.000000	2000400	44849.440887	1.000000	0	45199.198871	0.992262	0	
10	39724.117260	1.000000	744697100	39724.117260	1.000000	270061900	39724.117260	1.000000	1000300	39724.117260	1.000000	0	39724.117260	1.000000	0	
10	47426.248726	1.000000	748703600	47426.248726	1.000000	213049100	48038.717597	0.987251	0	48038.717597	0.987251	0	48038.717597	0.987251	0	
10	31923.757984	1.000000	745700600	31923.757984	1.000000	98022800	31923.757984	1.000000	0	31923.757984	1.000000	0	31923.757984	1.000000	0	
10	42696.248043	1.000000	744693800	42696.248043	1.000000	102024000	42696.248043	1.000000	0	42696.248043	1.000000	0	42942.854959	0.994257	0	
10	39883.742489	1.000000	751168200	39883.742489	1.000000	331615800	40456.397615	0.985845	999800	40456.397615	0.985845	0	40456.397615	0.985845	0	
10	45510.443796	1.000000	758685000	45510.443796	1.000000	165583200	45510.443796	1.000000	1998500	45510.443796	1.000000	0	45510.443796	1.000000	0	
10	43617.735136	1.000000	748167100	43617.735136	1.000000	174798700	43617.735136	1.000000	0	43617.735136	1.000000	0	43617.735136	1.000000	0	
10	40760.104118	1.000000	746167700	40760.104118	1.000000	142032200	40760.104118	1.000000	0	40760.104118	1.000000	0	40760.104118	1.000000	0	
10	40296.933169	1.000000	749703800	40296.933169	1.000000	301066900	40920.249772	0.984768	999400	40920.249772	0.984768	0	40920.249772	0.984768	0	
10	31088.964542	1.000000	751217000	31088.964542	1.000000	182040800	31088.964542	1.000000	1000200	31088.964542	1.000000	0	31171.291934	0.997359	0	
10	38696.637980	1.000000	751709600	38696.637980	1.000000	185042000	38696.637980	1.000000	1000200	38696.637980	1.000000	0	40166.943832	0.963395	0	
10	40399.406275	1.000000	748712200	40399.406275	1.000000	278061900	40399.406275	1.000000	1000300	40399.406275	1.000000	0	41177.275447	0.981109	0	
10	46106.156117	1.000000	750169300	46106.156117	1.000000	254056200	46980.535913	0.981388	0	46980.535913	0.981388	0	46980.535913	0.981388	0	
10	44278.941275	1.000000	747719400	44278.941275	1.000000	146033200	44278.941275	1.000000	0	44278.941275	1.000000	0	46639.235939	0.949393	0	
10	44600.629823	1.000000	748710400	44600.629823	1.000000	112025300	44600.629823	1.000000	0	44600.629823	1.000000	0	44600.629823	1.000000	0	
10	43680.460883	1.000000	749701700	43680.460883	1.000000	392097700	43680.460883	1.000000	1001400	43680.460883	1.000000	0	43680.460883	1.000000	0	
10	44379.858584	1.000000	757706300	44379.858584	1.000000	507649800	45333.115852	0.978972	0	45333.115852	0.978972	999600	45619.661025	0.972823	0	
10	46032.440198	1.000000	748166400	46032.440198	1.000000	476116300	47232.855762	0.974585	0	47232.855762	0.974585	1000300	47232.855762	0.974585	0	
10	41953.801832	1.000000	744690100	41953.801832	1.000000	178040100	44295.668984	0.947131	0	44295.668984	0.947131	0	44295.668984	0.947131	0	
10	48450.070367	1.000000	750168500	48450.070367	1.000000	281599100	48450.070367	1.000000	0	48450.070367	1.000000	0	48450.070367	1.000000	0	
10	43931.187893	1.000000	743324000	43931.187893	1.000000	307112000	43931.187893	1.000000	4000900	43931.187893	1.000000	1001800	45195.623745	0.972023	0	
10	42807.880761	1.000000	753698600	42807.880761	1.000000	215048100	45097.108764	0.949238	0	45097.108764	0.949238	0	45097.108764	0.949238	0	
10	42989.965769	1.000000	746703600	42989.965769	1.000000	132031800	43021.299606	0.999272	0	43021.299606	0.999272	0	43021.299606	0.999272	0	
10	43767.326660	1.000000	746166000	43767.326660	1.000000	223578700	44380.398697	0.986186	0	44380.398697	0.986186	0	44380.398697	0.986186	0	
10	41270.840539	1.000000	751169600	41270.840539	1.000000	141613800	41270.840539	1.000000	0	41270.840539	1.000000	0	41270.840539	1.000000	0	
10	41236.685647	1.000000	750166800	41236.685647	1.000000	176041800	45075.737434	0.914831	0	45075.737434	0.914831	0	45075.737434	0.914831	0	
10	43336.911689	1.000000	751172000	43336.911689	1.000000	225050700	43336.911689	1.000000	1000300	43336.911689	1.000000	0	43336.911689	1.000000	0	
10	48985.015401	1.000000	746818700	48985.015401	1.000000	247057500	49426.187582	0.991074	0	49426.187582	0.991074	0	49767.357659	0.984280	0	
10	38325.704741	1.000000	750122000	38325.704741	1.000000	156035700	40929.701047	0.936379	999500	40929.701047	0.936379	0	41055.518603	0.933509	0	
10	43755.698011	1.000000	749701200	43755.698011	1.000000	450639200	43755.698011	1.000000	2000700	43755.698011	1.000000	0	43755.698011	1.000000	0	
10	43386.546313	1.000000	749168400	43386.546313	1.000000	129028400	43386.546313	1.000000	0	43386.546313	1.000000	0	43386.546313	1.000000	0	
10	42271.854464	1.000000	749712900	42271.854464	1.000000	222049000	42271.854464	1.000000	0	42271.854464	1.000000	1000400	42271.854464	1.000000	0	
10	36276.340820	1.000000	749367600	36276.340820	1.000000	311069300	36276.340820	1.000000	0	36276.340820	1.000000	0	36276.340820	1.000000	0	
10	49748.729658	1.000000	747703300	49748.729658	1.000000	428630000	51235.125640	0.970989	0	51235.125640	0.970989	0	51235.125640	0.970989	0	
10	38314.628444	1.000000	750318700	38314.628444	1.000000	269119600	38314.628444	1.000000	999200	38314.628444	1.000000	0	38314.628444	1.000000	0	
10	35851.790257	1.000000	748168400	35851.790257	1.000000	175584700	35851.790257	1.000000	1001200	35851.790257	1.000000	0	35851.790257	1.000000	0	
10	46840.898370	1.000000	751167400	46840.898370	1.000000	279596900	48843.585409	0.958998	0	48843.585409	0.958998	0	48843.585409	0.958998	0	
10	42352.766105	1.000000	749168200	42352.766105	1.000000	150034000	42352.766105	1.000000	0	42352.766105	1.000000	0	42352.766105	1.000000	0	
10	40004.652564	1.000000	750704100	40004.652564	1.000000	75016600	40004.652564	1.000000	0	40004.652564	1.000000	0	40004.652564	1.000000	0	
10	43975.408970	1.000000	749201000	43975.408970	1.000000	214047900	45056.389862	0.976008	1000000	45056.389862	0.976008	0	45056.389862	0.976008	0	
10	45003.667012	1.000000	750708200	45003.667012	1.000000	240053800	48456.730123	0.928739	999100	48456.730123	0.928739	0	48651.413323	0.925023	0	
10	42659.704061	1.000000	750168800	42659.704061	1.000000	126028200	42659.704061	1.000000	0	42659.704061	1.000000	0	42659.704061	1.000000	0	
10	50612.288629	1.000000	748278000	50612.288629	1.000000	274062700	51822.482970	0.976647	0	51822.482970	0.976647	0	51822.482970	0.976647	0	
10	43247.348689	1.000000	748166600	43247.348689	1.000000	123028200	43247.348689	1.000000	0	43247.348689	1.000000	0	43247.348689	1.000000	0	
10	40603.873576	1.000000	747699200	40603.873576	1.000000	340078000	40603.873576	1.000000	0	40603.873576	1.000000	0	40781.169669	0.995653	0	
10	39953.177867	1.000000	757230300	39953.177867	1.000000	203651200	44454.477726	0.898744	0	44454.477726	0.898744	0	44454.477726	0.898744	0	
10	45650.723716	1.000000	748695000	45650.723716	1.000000	145032500	45988.193500	0.992662	0	45988.193500	0.992662	0	45988.193500	0.992662	0	
10	48443.137570	1.000000	752722100	48443.137570	1.000000	305069600	48443.137570	1.000000	999900	48443.137570	1.000000	0	48443.137570	1.000000	0	
10	43355.141628	1.000000	751167700	43355.141628	1.000000	116026100	43355.141628	1.000000	0	43355.141628	1.000000	0	43355.141628	1.000000	0	
10	38613.579346	1.000000	747671900	38613.579346	1.000000	310070300	38613.579346	1.000000	0	38613.579346	1.000000	0	38662.561169	0.998733	0	
10	36564.224152	1.000000	750941600	36564.224152	1.000000	109026100	36564.224152	1.000000	0	36564.224152	1.000000	0	36564.224152	1.000000	0	
10	34665.191312	1.000000	749532100	34665.191312	1.000000	130030800	34665.191312	1.000000	0	34665.191312	1.000000	0	34665.191312	1.000000	0	
10	46246.858065	1.000000	747166000	46246.858065	1.000000	494111400	46246.858065	1.000000	1000300	46246.858065	1.000000	0	46329.690315	0.998212	0	
10	42380.137751	1.000000	755272700	42380.137751	1.000000	200045200	42380.137751	1.000000	1000200	42380.137751	1.000000	0	43016.290027	0.985211	0	
10	42611.141177	1.000000	749168100	42611.141177	1.000000	275061800	42611.141177	1.000000	0	42611.141177	1.000000	0	42611.141177	1.000000	0	
11	44033.582458	1.000000	8679830800	44033.582458	1.000000	2355537700	44511.511138	0.989263	0	44511.511138	0.989263	0	44511.511138	0.989263	0	
11	45045.306332	1.000000	8693066700	45045.306332	1.000000	1927445800	45045.306332	1.000000	0	45045.306332	1.000000	997100	46841.339086	0.961657	0	
11	41710.288022	1.000000	8682321200	41710.288022	1.000000	1567352000	41710.288022	1.000000	0	41710.288022	1.000000	1000200	41729.080195	0.999550	0	
11	54603.226152	1.000000	8661951800	54603.226152	1.000000	3515464800	54603.226152	1.000000	1000300	54603.226152	1.000000	0	54603.226152	1.000000	0	
11	45423.060715	1.000000	8677929900	45423.060715	1.000000	3286248800	46667.543515	0.973333	1999900	46753.027278	0.971553	999600	46667.543515	0.973333	0	
11	51781.512742	1.000000	8680742300	51781.512742	1.000000	1210953300	51781.512742	1.000000	8002100	51781.512742	1.000000	1000100	51995.193815	0.995890	0	
11	50588.713416	1.000000	8686643200	50588.713416	1.000000	2829393900	51589.109524	0.980608	0	51589.109524	0.980608	1000100	52821.621556	0.957727	0	
11	42847.286259	1.000000	8660872000	42847.286259	1.000000	1061332000	42847.286259	1.000000	1000700	42847.286259	1.000000	0	42847.286259	1.000000	0	
11	43094.640317	1.000000	8671528900	43094.640317	1.000000	1118262800	44603.647970	0.966169	1000300	44603.647970	0.966169	0	44609.384737	0.966044	0	
11	46916.349419	1.000000	8711989000	46916.349419	1.000000	1503763600	46916.349419	1.000000	0	46916.349419	1.000000	998000	49635.711632	0.945214	0	
11	42262.543906	1.000000	8792671900	42262.543906	1.000000	1344450100	42262.543906	1.000000	3000700	42262.543906	1.000000	1000100	42262.543906	1.000000	0	
11	44866.295445	1.000000	8719145500	44866.295445	1.000000	1293570000	47759.538917	0.939421	0	47759.538917	0.939421	1000300	47759.538917	0.939421	0	
11	52881.329823	1.000000	8762586000	52881.329823	1.000000	1724492200	55474.866532	0.953248	1000300	55474.866532	0.953248	0	55474.866532	0.953248	0	
11	41744.618166	1.000000	8908518800	41744.618166	1.000000	716846700	41744.618166	1.000000	2000400	41744.618166	1.000000	0	41995.963672	0.994015	0	
11	43140.011423	1.000000	8883435900	43140.011423	1.000000	3088995300	44273.470248	0.974399	1000000	44273.470248	0.974399	1000500	44273.470248	0.974399	0	
11	42148.507428	1.000000	8908007700	42148.507428	1.000000	869690600	42148.507428	1.000000	0	42148.507428	1.000000	0	42148.507428	1.000000	0	
11	53528.728926	1.000000	8920974300	53528.728926	1.000000	2226317100	54557.932227	0.981136	0	54557.932227	0.981136	0	54625.182390	0.979928	0	
11	44703.767049	1.000000	8875062500	44703.767049	1.000000	4070452900	44793.794564	0.997990	7470400	44793.794564	0.997990	2000600	44965.691417	0.994175	0	
11	52960.273157	1.000000	8898992400	52960.273157	1.000000	3533032700	52960.273157	1.000000	999000	52960.273157	1.000000	0	53795.327892	0.984477	0	
11	47058.548010	1.000000	8894961600	47058.548010	1.000000	1180999900	47352.669481	0.993789	0	47352.669481	0.993789	0	47352.669481	0.993789	0	
11	42336.893876	1.000000	8896528300	42336.893876	1.000000	959993500	42336.893876	1.000000	0	42336.893876	1.000000	0	42336.893876	1.000000	0	
11	50560.757882	1.000000	8889005800	50560.757882	1.000000	3657285600	50653.834270	0.998163	905100	50653.834270	0.998163	0	51253.212887	0.986490	0	
11	44278.461890	1.000000	8934376100	44278.461890	1.000000	1221481400	44278.461890	1.000000	998900	44278.461890	1.000000	0	44278.461890	1.000000	0	
11	58254.872405	1.000000	8964916200	58254.872405	1.000000	4053913300	58254.872405	1.000000	23017700	58254.872405	1.000000	4000700	58254.872405	1.000000	0	
11	47900.442732	1.000000	8913931000	47900.442732	1.000000	1686627700	47900.442732	1.000000	0	47900.442732	1.000000	999900	48127.915666	0.995274	0	
11	40152.667521	1.000000	9001492700	40152.667521	1.000000	917288900	40847.845977	0.982981	0	40847.845977	0.982981	999600	40847.845977	0.982981	0	
11	47662.993521	1.000000	8852912000	47662.993521	1.000000	2145904100	47662.993521	1.000000	0	47662.993521	1.000000	1000500	47662.993521	1.000000	0	
11	36328.082342	1.000000	8881372200	36328.082342	1.000000	911015900	36450.197781	0.996650	0	36450.197781	0.996650	0	36450.197781	0.996650	0	
11	34746.921161	1.000000	8938421000	34746.921161	1.000000	736072200	34746.921161	1.000000	0	34746.921161	1.000000	0	34746.921161	1.000000	0	
11	44325.110477	1.000000	8883882500	44325.110477	1.000000	4410235100	44325.110477	1.000000	22004900	44325.110477	1.000000	2001300	46736.633884	0.948402	0	
11	49368.200054	1.000000	8909900400	49368.200054	1.000000	979204100	49368.200054	1.000000	999500	49368.200054	1.000000	0	49368.200054	1.000000	0	
11	43925.000528	1.000000	8826341300	43925.000528	1.000000	768346200	43925.000528	1.000000	1000300	43925.000528	1.000000	0	43925.000528	1.000000	0	
11	46063.861396	1.000000	8822989800	46063.861396	1.000000	2166019000	46063.861396	1.000000	0	46063.861396	1.000000	999900	46063.861396	1.000000	0	
11	44829.670444	1.000000	8804637000	44829.670444	1.000000	2628633300	46308.954153	0.968056	0	46308.954153	0.968056	0	46778.768505	0.958334	0	
11	44287.601396	1.000000	8842946000	44287.601396	1.000000	1088973400	45275.902769	0.978172	0	45275.902769	0.978172	0	45275.902769	0.978172	0	
11	44941.007579	1.000000	8829243200	44941.007579	1.000000	1092517100	44941.007579	1.000000	1000300	44941.007579	1.000000	0	44941.007579	1.000000	0	
11	48792.305850	1.000000	8839879000	48792.305850	1.000000	1580148700	50672.261244	0.962900	999200	50672.261244	0.962900	0	52061.737055	0.937201	0	
11	45872.199815	1.000000	8829999100	45872.199815	1.000000	3473207000	46004.604072	0.997122	0	46004.604072	0.997122	0	47897.314492	0.957720	0	
11	43429.009257	1.000000	8873063000	43429.009257	1.000000	967785400	47768.512788	0.909156	1000100	47768.512788	0.909156	0	47768.512788	0.909156	0	
11	43703.396680	1.000000	8813024500	43703.396680	1.000000	2150669200	44371.021401	0.984954	2000500	44371.021401	0.984954	0	44371.021401	0.984954	0	
11	52215.252734	1.000000	8832266300	52215.252734	1.000000	1163581800	52215.252734	1.000000	0	52215.252734	1.000000	0	52215.252734	1.000000	0	
11	47558.792058	1.000000	8813216000	47558.792058	1.000000	887103700	47558.792058	1.000000	0	47558.792058	1.000000	0	48363.636559	0.983358	0	
11	47372.768271	1.000000	8833184500	47372.768271	1.000000	1141433900	47372.768271	1.000000	0	47372.768271	1.000000	0	47372.768271	1.000000	0	
11	42450.930823	1.000000	8826576500	42450.930823	1.000000	3738060100	42450.930823	1.000000	3999800	42450.930823	1.000000	1001500	42450.930823	1.000000	0	
11	43964.124303	1.000000	8898838300	43964.124303	1.000000	2799347700	44444.369922	0.989194	1000300	44444.369922	0.989194	1001700	44444.369922	0.989194	0	
11	49049.891060	1.000000	8824477900	49049.891060	1.000000	1357356000	49049.891060	1.000000	0	49049.891060	1.000000	0	49406.349797	0.992785	0	
11	48958.919963	1.000000	8806653400	48958.919963	1.000000	1390854800	51092.470100	0.958241	1001300	51092.470100	0.958241	0	51167.660813	0.956833	0	
11	41465.928054	1.000000	8815465500	41465.928054	1.000000	1365999000	41465.928054	1.000000	0	41465.928054	1.000000	0	41792.327782	0.992190	0	
11	37263.784337	1.000000	8813963300	37263.784337	1.000000	2179038600	37263.784337	1.000000	1991500	37263.784337	1.000000	1000200	37320.453100	0.998482	0	
11	49706.811240	1.000000	8821713600	49706.811240	1.000000	1264029000	49706.811240	1.000000	0	49706.811240	1.000000	0	49706.811240	1.000000	0	
11	44992.105180	1.000000	8809016900	44992.105180	1.000000	3221067000	44992.105180	1.000000	2001800	44992.105180	1.000000	0	46226.087048	0.973306	0	
11	45931.781182	1.000000	8845121800	45931.781182	1.000000	1636089500	47672.977369	0.963476	3999900	47672.977369	0.963476	1000700	47672.977369	0.963476	0	
11	42487.064848	1.000000	8806018700	42487.064848	1.000000	1674683200	42487.064848	1.000000	1000000	42487.064848	1.000000	0	43193.095027	0.983654	0	
11	43770.909986	1.000000	8822028600	43770.909986	1.000000	1712975200	46335.253366	0.944657	3001000	46335.253366	0.944657	0	46335.253366	0.944657	0	
11	41364.123373	1.000000	8813820700	41364.123373	1.000000	1904262000	41364.123373	1.000000	0	41364.123373	1.000000	0	41364.123373	1.000000	999400	
11	46083.704502	1.000000	8824458000	46083.704502	1.000000	1952360200	48545.466354	0.949290	999600	48545.466354	0.949290	0	48545.466354	0.949290	0	
11	46537.595903	1.000000	8818170400	46537.595903	1.000000	1461949600	46586.810527	0.998944	1000200	46586.810527	0.998944	0	47255.379665	0.984811	0	
11	43500.701242	1.000000	8810797900	43500.701242	1.000000	1019391300	43500.701242	1.000000	0	43500.701242	1.000000	0	44641.935050	0.974436	0	
11	47005.090435	1.000000	8814778100	47005.090435	1.000000	2969175300	47005.090435	1.000000	4992900	47005.090435	1.000000	1008400	50151.656427	0.937259	0	
11	46685.583697	1.000000	8839752400	46685.583697	1.000000	4233235200	46724.142696	0.999175	8003000	46724.142696	0.999175	1000500	47219.196077	0.988699	0	
11	45749.340042	1.000000	8865908100	45749.340042	1.000000	879966300	45749.340042	1.000000	0	45749.340042	1.000000	0	45749.340042	1.000000	0	
11	42200.199413	1.000000	8816880300	42200.199413	1.000000	515123100	42200.199413	1.000000	0	42200.199413	1.000000	0	42200.199413	1.000000	0	
11	49072.218493	1.000000	8816158600	49072.218493	1.000000	2452068900	49135.649630	0.998709	0	49135.649630	0.998709	0	49135.649630	0.998709	0	
11	39852.587997	1.000000	8831609000	39852.587997	1.000000	2348955800	42362.113203	0.940760	2000000	42362.113203	0.940760	0	43070.580105	0.925286	0	
11	45312.882269	1.000000	8833030800	45312.882269	1.000000	2762617700	45312.882269	1.000000	508700	45312.882269	1.000000	995400	45312.882269	1.000000	0	
11	34177.591449	1.000000	8820962500	34177.591449	1.000000	870433200	34177.591449	1.000000	0	34177.591449	1.000000	0	34206.165016	0.999165	999900	
11	37889.050893	1.000000	8823505500	37889.050893	1.000000	1015986700	37889.050893	1.000000	999300	37889.050893	1.000000	0	37889.050893	1.000000	0	
11	56721.116401	1.000000	8826679700	56721.116401	1.000000	1349317800	60253.803221	0.941370	995200	60253.803221	0.941370	0	61918.342240	0.916063	0	
11	38935.367920	1.000000	8820376900	38935.367920	1.000000	5001765800	40797.816322	0.954349	999400	40797.816322	0.954349	1000300	40842.202696	0.953312	0	
11	48534.014770	1.000000	8837150700	48534.014770	1.000000	1208654300	48534.014770	1.000000	0	48534.014770	1.000000	0	48534.014770	1.000000	0	
11	40998.675461	1.000000	8795124700	40998.675461	1.000000	3860944200	41218.838619	0.994659	1001500	41218.838619	0.994659	0	41218.838619	0.994659	0	
11	46084.500550	1.000000	8846111200	46084.500550	1.000000	2060770700	46084.500550	1.000000	10001300	46084.500550	1.000000	1000600	47270.944603	0.974901	0	
11	50167.357671	1.000000	8825086300	50167.357671	1.000000	2788208400	52133.617943	0.962284	0	52133.617943	0.962284	1000500	52133.617943	0.962284	0	
11	43628.426665	1.000000	8812421400	43628.426665	1.000000	1390614100	43789.497143	0.996322	3514000	43789.497143	0.996322	995200	44679.484141	0.976476	0	
11	45744.836970	1.000000	8833902700	45744.836970	1.000000	2640217300	45879.436199	0.997066	0	45879.436199	0.997066	0	45879.436199	0.997066	0	
11	45341.971201	1.000000	8824137900	45341.971201	1.000000	2430859800	45341.971201	1.000000	999400	45341.971201	1.000000	0	45341.971201	1.000000	0	
11	49436.482864	1.000000	8825001900	49436.482864	1.000000	2767349600	49671.561007	0.995267	3012900	49671.561007	0.995267	0	50259.075751	0.983633	0	
11	49602.750047	1.000000	8825889400	49602.750047	1.000000	3409969800	50977.800904	0.973026	2001900	50977.800904	0.973026	1999300	51027.802293	0.972073	0	
11	49889.096654	1.000000	8841730700	49889.096654	1.000000	2018490500	49938.173168	0.999017	0	49938.173168	0.999017	0	49938.173168	0.999017	0	
11	41932.802686	1.000000	8822664100	41932.802686	1.000000	1929893000	41932.802686	1.000000	0	41932.802686	1.000000	0	44240.197551	0.947844	0	
11	39196.790035	1.000000	8828084100	39196.790035	1.000000	1408487600	39196.790035	1.000000	0	39196.790035	1.000000	0	39196.790035	1.000000	0	
11	45181.255181	1.000000	8921504300	45181.255181	1.000000	1072493800	45181.255181	1.000000	0	45181.255181	1.000000	0	45181.255181	1.000000	0	
11	51166.150217	1.000000	8877513400	51166.150217	1.000000	2413246000	53251.751859	0.960835	998100	53251.751859	0.960835	1000200	53655.528288	0.953604	0	
11	41600.906460	1.000000	8836588700	41600.906460	1.000000	1340149300	41600.906460	1.000000	1000100	41600.906460	1.000000	0	41600.906460	1.000000	0	
11	45461.986531	1.000000	8821118800	45461.986531	1.000000	2365929300	47316.516079	0.960806	999500	47316.516079	0.960806	0	47316.516079	0.960806	0	
11	