num_vertices	greedy_byedge_withupdates_len	greedy_byedge_withupdates_perc	greedy_byedge_withupdates_nanos	greedy_len	greedy_perc	greedy_nanos	greedy_byedge_len	greedy_byedge_perc	greedy_byedge_nanos	greedy_withupdates_len	greedy_withupdates_perc	greedy_withupdates_nanos	
100	82611.564117	1.000000	25189300	83001.725294	0.995299	0	82611.564117	1.000000	2512200	88881.749085	0.929455	5001200	
100	83470.421890	1.000000	31006800	83470.421890	1.000000	0	83470.421890	1.000000	5001000	86432.729981	0.965727	3991800	
100	77527.968600	1.000000	20995100	77527.968600	1.000000	1000700	77527.968600	1.000000	2009400	81957.927500	0.945948	5001200	
100	86688.455589	1.000000	27006100	87166.644510	0.994514	0	86688.455589	1.000000	3000600	88594.649459	0.978484	4000900	
100	91952.621263	1.000000	24005100	91952.621263	1.000000	0	91952.621263	1.000000	3001000	92838.208340	0.990461	4001000	
100	85037.111835	1.000000	23005000	85037.111835	1.000000	999900	85037.111835	1.000000	3001400	86891.637089	0.978657	4000700	
100	86713.295020	1.000000	23005300	87827.104291	0.987318	999800	86713.295020	1.000000	2000500	91951.625199	0.943032	4000800	
100	90123.642700	1.000000	22995900	90123.642700	1.000000	0	90123.642700	1.000000	3013100	90922.227869	0.991217	2997600	
100	81800.526436	1.000000	24005200	81800.526436	1.000000	0	81800.526436	1.000000	3000700	81997.612049	0.997596	3000700	
100	80841.718325	1.000000	27008600	81410.417776	0.993014	0	80841.718325	1.000000	2998200	85123.356572	0.949701	4000800	
100	80096.376300	1.000000	27009100	81475.865179	0.983069	997300	80096.376300	1.000000	2000200	86179.408100	0.929414	4003700	
100	82097.680739	1.000000	22005700	82097.680739	1.000000	0	82097.680739	1.000000	1999700	83926.715954	0.978207	5001400	
100	81576.058227	1.000000	22004100	81576.058227	1.000000	0	81576.058227	1.000000	2000800	82460.219881	0.989278	4000800	
100	82393.377595	1.000000	24005100	82393.377595	1.000000	1000200	82393.377595	1.000000	3001400	84103.650226	0.979665	3000300	
100	88064.378468	1.000000	23004800	88064.378468	1.000000	0	88064.378468	1.000000	3000700	89869.005497	0.979919	4000900	
100	79184.518731	1.000000	25005100	79184.518731	1.000000	0	79184.518731	1.000000	3000600	81943.014404	0.966336	4001000	
100	84953.963424	1.000000	22005200	84953.963424	1.000000	0	84953.963424	1.000000	2000500	85270.283471	0.996290	4000800	
100	92396.888372	1.000000	26006500	92505.720309	0.998824	0	92396.888372	1.000000	3000300	94079.801544	0.982112	4000900	
100	84966.982763	1.000000	27042900	85030.111981	0.999258	0	84966.982763	1.000000	2964100	87218.391574	0.974187	4001200	
100	77577.224727	1.000000	26005600	77577.224727	1.000000	0	77577.224727	1.000000	3001000	79717.520944	0.973151	3000300	
100	85951.954757	1.000000	34008500	87903.052459	0.977804	0	85951.954757	1.000000	4000400	91374.740985	0.940653	4000900	
100	79906.376970	1.000000	27006600	82316.827126	0.970717	0	79906.376970	1.000000	3000800	85263.117016	0.937174	4000800	
100	85468.849637	1.000000	17003500	85468.849637	1.000000	1000700	85468.849637	1.000000	1999900	89355.500271	0.956504	4001000	
100	87625.002894	1.000000	21004000	87803.024631	0.997972	0	87625.002894	1.000000	2001000	92378.969235	0.948538	4000900	
100	83509.131071	1.000000	41009300	83958.798342	0.994644	0	83509.131071	1.000000	4000400	84520.038331	0.988039	4001100	
100	84704.992287	1.000000	30007500	87397.156122	0.969196	0	84704.992287	1.000000	3001200	89399.307298	0.947490	5000300	
100	90422.046670	1.000000	26005500	90422.046670	1.000000	999700	90422.046670	1.000000	2000700	96416.280394	0.937830	4034800	
100	85243.573073	1.000000	28972500	85243.573073	1.000000	0	85243.573073	1.000000	3000700	85960.122506	0.991664	4001300	
100	84709.354223	1.000000	23004600	84709.354223	1.000000	0	84709.354223	1.000000	2000800	88503.332953	0.957132	4000800	
100	81892.926038	1.000000	22004600	82236.574784	0.995821	1029400	81892.926038	1.000000	1971900	82695.818570	0.990291	4000600	
100	82557.606808	1.000000	28006800	82607.279259	0.999399	0	82557.606808	1.000000	3000100	82813.975107	0.996904	4000900	
100	81730.047431	1.000000	23006300	81850.114427	0.998533	1000400	81730.047431	1.000000	2000800	82202.587249	0.994252	3999300	
100	85753.780267	1.000000	24006200	85870.534180	0.998640	0	85753.780267	1.000000	3000300	92023.206483	0.931871	4000400	
100	83863.601959	1.000000	30007100	83865.466449	0.999978	0	83863.601959	1.000000	3000700	86395.940625	0.970689	4000600	
100	87669.173180	1.000000	29007100	87669.173180	1.000000	0	87669.173180	1.000000	3000500	88608.770107	0.989396	4000900	
100	82341.473938	1.000000	18004400	82341.473938	1.000000	0	82341.473938	1.000000	2000100	85551.692645	0.962476	4000300	
100	83196.805130	1.000000	25005500	84028.245918	0.990105	1000300	83196.805130	1.000000	2001800	85030.821473	0.978431	4000100	
100	79630.358471	1.000000	35007700	79781.369000	0.998107	0	79630.358471	1.000000	4000400	80911.256395	0.984169	3000800	
100	82016.711748	1.000000	23005300	82016.711748	1.000000	0	82016.711748	1.000000	3000900	87353.683617	0.938904	4000600	
100	81776.294010	1.000000	26007200	81776.294010	1.000000	999000	81776.294010	1.000000	2000400	83585.416513	0.978356	4001000	
100	83239.872485	1.000000	25006000	83239.872485	1.000000	0	83239.872485	1.000000	3001400	84159.242440	0.989076	2999800	
100	81035.740669	1.000000	26005600	81556.221532	0.993618	1000500	81035.740669	1.000000	2000800	83064.623353	0.975575	4000500	
100	81734.066976	1.000000	23005100	81734.066976	1.000000	1000500	81734.066976	1.000000	2000700	81277.046557	1.005623	4000200	
100	81886.638264	1.000000	16003600	82100.051706	0.997401	1001100	81886.638264	1.000000	1999600	85428.668822	0.958538	4001600	
100	86731.724578	1.000000	29005700	87355.465668	0.992860	0	86731.724578	1.000000	3000700	91181.180008	0.951202	4001000	
100	88064.740729	1.000000	21004600	88137.707786	0.999172	1000700	88064.740729	1.000000	1999900	92273.873137	0.954384	4001600	
100	82985.869709	1.000000	21031000	83107.378483	0.998538	0	82985.869709	1.000000	2973700	84184.957434	0.985757	4001300	
100	85069.429823	1.000000	25005200	85396.094481	0.996175	0	85069.429823	1.000000	3000600	86050.306830	0.988601	3001300	
100	86252.680662	1.000000	25005200	86252.680662	1.000000	0	86252.680662	1.000000	3001200	88862.296269	0.970633	4001100	
100	86036.500387	1.000000	21003900	86036.500387	1.000000	0	86036.500387	1.000000	2000500	87630.345515	0.981812	4001100	
100	85114.873996	1.000000	32007000	85114.873996	1.000000	0	85114.873996	1.000000	4001200	87236.475077	0.975680	3001000	
100	83101.220371	1.000000	28036400	83471.358312	0.995566	0	83101.220371	1.000000	3970700	84930.157584	0.978465	4001100	
100	84252.936080	1.000000	19003600	84252.936080	1.000000	1000300	84252.936080	1.000000	2000600	84805.327206	0.993486	4001000	
100	80391.103589	1.000000	21006200	80391.103589	1.000000	0	80391.103589	1.000000	2998700	82992.683667	0.968653	4000900	
100	86448.913541	1.000000	22004300	86448.913541	1.000000	0	86448.913541	1.000000	3001100	92662.197122	0.932947	4001200	
100	86119.734636	1.000000	24005000	86119.734636	1.000000	1000100	86119.734636	1.000000	3001100	88537.526558	0.972692	4001400	
100	80230.784668	1.000000	28005600	80230.784668	1.000000	0	80230.784668	1.000000	3001000	82346.464429	0.974308	4001100	
100	84689.341059	1.000000	24005300	84689.341059	1.000000	0	84689.341059	1.000000	3000500	86982.944205	0.973632	4001800	
100	84116.596551	1.000000	24543100	84132.954422	0.999806	0	84116.596551	1.000000	3000700	86199.843017	0.975832	4002000	
100	84516.600580	1.000000	26004800	85404.664478	0.989602	1000600	84516.600580	1.000000	2000300	84546.979985	0.999641	4001000	
100	83527.391983	1.000000	28006300	83527.391983	1.000000	0	83527.391983	1.000000	3031000	86280.247053	0.968094	3971100	
100	81845.165164	1.000000	25005400	81845.165164	1.000000	0	81845.165164	1.000000	3000000	82711.939963	0.989521	3001600	
100	86824.382774	1.000000	28005800	87738.735141	0.989579	0	86824.382774	1.000000	4001300	89470.830406	0.970421	4000500	
100	85208.810140	1.000000	22005100	85208.810140	1.000000	0	85208.810140	1.000000	3000300	85638.694771	0.994980	4001200	
100	87640.256732	1.000000	22005200	87640.256732	1.000000	0	87640.256732	1.000000	2999900	86332.913339	1.015143	4001300	
100	79223.430189	1.000000	26006000	79602.719792	0.995235	0	79223.430189	1.000000	3000300	81767.179094	0.968890	4001100	
100	79571.130460	1.000000	22005100	79571.130460	1.000000	0	79571.130460	1.000000	3000300	81300.239604	0.978732	4001000	
100	88103.523513	1.000000	27006000	88103.523513	1.000000	1000100	88103.523513	1.000000	3000700	91077.007960	0.967352	3001500	
100	82459.495535	1.000000	23003800	82513.546012	0.999345	0	82459.495535	1.000000	2000500	83740.003514	0.984709	4000800	
100	84301.504868	1.000000	22005000	84301.504868	1.000000	0	84301.504868	1.000000	2000300	85943.990567	0.980889	4000900	
100	85251.991528	1.000000	31007500	85512.273339	0.996956	0	85251.991528	1.000000	4001000	89818.728415	0.949156	5001100	
100	89080.552441	1.000000	34008500	90200.243969	0.987587	1000400	89080.552441	1.000000	3000000	92974.124666	0.958122	3000700	
100	88434.620799	1.000000	20004400	88434.620799	1.000000	0	88434.620799	1.000000	3001600	91549.109011	0.965980	4000100	
100	83734.031147	1.000000	29007700	83897.315230	0.998054	0	83734.031147	1.000000	2999200	84936.530974	0.985842	4000900	
100	88262.047409	1.000000	23006200	88656.879754	0.995547	0	88262.047409	1.000000	3001000	89487.012993	0.986311	3999600	
100	82487.415700	1.000000	22004900	83851.620638	0.983731	1000800	82487.415700	1.000000	1999900	84941.986359	0.971103	4001700	
100	80123.529191	1.000000	24004600	82183.075399	0.974940	0	80123.529191	1.000000	3000600	83286.026789	0.962028	4000900	
100	86924.110460	1.000000	19004200	86924.110460	1.000000	1001000	86924.110460	1.000000	1999700	87612.913679	0.992138	4000800	
100	82622.281041	1.000000	17004500	82622.281041	1.000000	999700	82622.281041	1.000000	2000400	87030.040743	0.949354	5001100	
100	80728.035620	1.000000	34007500	80728.035620	1.000000	0	80728.035620	1.000000	4025900	81510.963460	0.990395	3976000	
100	85764.954820	1.000000	27006400	85764.954820	1.000000	0	85764.954820	1.000000	3001200	87812.466815	0.976683	4000000	
100	80298.065301	1.000000	30009800	81895.306708	0.980497	0	80298.065301	1.000000	4000700	81905.236477	0.980378	4000300	
100	79746.556348	1.000000	22005700	79746.556348	1.000000	1000000	79746.556348	1.000000	1999900	80106.566807	0.995506	4001000	
100	78494.343707	1.000000	27006800	78494.343707	1.000000	1000600	78494.343707	1.000000	2999400	81396.071814	0.964351	4000900	
100	79092.703872	1.000000	27006200	79092.703872	1.000000	1010000	79092.703872	1.000000	2000400	83532.224139	0.946853	4001200	
100	84125.288208	1.000000	23996600	84125.288208	1.000000	0	84125.288208	1.000000	3008900	84891.849008	0.990970	4001200	
100	81221.195080	1.000000	22004800	81315.324868	0.998842	0	81221.195080	1.000000	2000500	84473.320095	0.961501	4001000	
100	90218.064444	1.000000	29006300	90362.239173	0.998404	1000300	90218.064444	1.000000	3000900	91500.667273	0.985983	3000300	
100	81504.652709	1.000000	22996400	81504.652709	1.000000	1009300	81504.652709	1.000000	2000200	82843.351444	0.983841	4001200	
100	81737.690187	1.000000	22562500	81737.690187	1.000000	0	81737.690187	1.000000	3000500	85234.442071	0.958975	3991900	
100	78388.822367	1.000000	21013800	78388.822367	1.000000	0	78388.822367	1.000000	2003900	78952.221053	0.992864	3997300	
100	84173.823001	1.000000	25998500	84173.823001	1.000000	999800	84173.823001	1.000000	2000400	85095.011753	0.989175	3999200	
100	83417.169252	1.000000	25006200	83417.169252	1.000000	0	83417.169252	1.000000	3000000	84017.329975	0.992857	3000800	
100	80875.853283	1.000000	21004600	80875.853283	1.000000	1000200	80875.853283	1.000000	2000600	81135.172738	0.996804	4002000	
100	87069.210858	1.000000	30005400	87490.713064	0.995182	1000400	87069.210858	1.000000	3001400	88561.585607	0.983149	4000800	
100	84301.589552	1.000000	21004000	84301.589552	1.000000	0	84301.589552	1.000000	2010300	84603.510257	0.996431	4001000	
100	87320.775821	1.000000	29006400	88075.468892	0.991431	1000100	87320.775821	1.000000	3000600	92797.316880	0.940984	4001700	
100	84484.007358	1.000000	22004800	84484.007358	1.000000	0	84484.007358	1.000000	3000100	85437.499460	0.988840	4001000	
100	83289.925924	1.000000	21004600	84214.001160	0.989027	0	83289.925924	1.000000	2000500	84338.699659	0.987565	5047100	
100	83694.193732	1.000000	25005700	83694.193732	1.000000	1000100	83694.193732	1.000000	3000600	83780.022241	0.998976	3000600	
200	118775.274495	1.000000	196044100	118775.274495	1.000000	1000200	118775.274495	1.000000	9992300	120759.836768	0.983566	26006000	
200	121545.778214	1.000000	204045600	121670.992606	0.998971	1000500	121545.778214	1.000000	11002100	127140.663835	0.955995	26005800	
200	120509.844563	1.000000	175039900	120509.844563	1.000000	1000800	120509.844563	1.000000	12001900	125344.271723	0.961431	32006900	
200	117630.393367	1.000000	186042400	117651.710489	0.999819	1000200	117630.393367	1.000000	11002400	122130.876415	0.963150	26005800	
200	118844.539738	1.000000	196053600	118868.301483	0.999800	1000200	118844.539738	1.000000	9993000	127793.254603	0.929975	27015700	
200	116511.623438	1.000000	224050400	120611.078147	0.966011	999900	116511.623438	1.000000	12002800	121856.566611	0.956137	26006100	
200	113653.149821	1.000000	223049700	113653.149821	1.000000	1000200	113653.149821	1.000000	11002800	115998.655875	0.979780	24540500	
200	109154.080481	1.000000	134030400	109154.080481	1.000000	0	109154.080481	1.000000	7989100	113444.205925	0.962183	26005800	
200	118910.977017	1.000000	225051000	118910.977017	1.000000	1000300	118910.977017	1.000000	12002900	122979.519457	0.966917	25005800	
200	116446.874511	1.000000	209056700	116446.874511	1.000000	1000300	116446.874511	1.000000	11002500	119429.463245	0.975026	26006200	
200	122147.379650	1.000000	192045900	122179.418492	0.999738	997300	122147.379650	1.000000	11002400	124908.032038	0.977899	25005400	
200	120507.270812	1.000000	137078700	120507.270812	1.000000	1008600	120507.270812	1.000000	7993700	123249.292466	0.977752	27005300	
200	119726.783103	1.000000	233051700	119726.783103	1.000000	1000300	119726.783103	1.000000	12002000	122708.112969	0.975704	28006300	
200	119569.601354	1.000000	216049400	119569.601354	1.000000	999900	119569.601354	1.000000	14003800	125097.678956	0.955810	32007000	
200	118309.730185	1.000000	232061300	118462.322860	0.998712	1000200	118309.730185	1.000000	11002400	121119.368359	0.976803	27006500	
200	122355.628386	1.000000	196564700	122355.628386	1.000000	1000600	122355.628386	1.000000	10001900	124247.665149	0.984772	27006100	
200	123942.337397	1.000000	218048300	124935.002286	0.992055	1000300	123942.337397	1.000000	11002300	126470.588004	0.980009	26006000	
200	118077.654258	1.000000	243054800	118077.654258	1.000000	1000200	118077.654258	1.000000	13003100	119835.002441	0.985335	26006900	
200	120815.385475	1.000000	212047100	121121.345539	0.997474	1000400	120815.385475	1.000000	12002500	125308.902383	0.964140	28006100	
200	123712.955428	1.000000	173568500	123712.955428	1.000000	999800	123712.955428	1.000000	10002300	125809.381538	0.983336	27006200	
200	121623.632003	1.000000	153034400	121623.632003	1.000000	1000100	121623.632003	1.000000	8001700	125475.709390	0.969300	27006300	
200	117981.636273	1.000000	196088500	117981.636273	1.000000	1000800	117981.636273	1.000000	10011300	119470.069005	0.987541	26005800	
200	122239.161583	1.000000	173039100	122239.161583	1.000000	1002900	122239.161583	1.000000	9999400	126178.718118	0.968778	25008500	
200	124368.482644	1.000000	209044200	124831.634085	0.996290	1000200	124368.482644	1.000000	11002600	130886.116463	0.950204	26592500	
200	115476.178349	1.000000	228041400	115476.178349	1.000000	1001000	115476.178349	1.000000	11002300	116401.660087	0.992049	26005400	
200	119383.757933	1.000000	215057600	119383.757933	1.000000	1000300	119383.757933	1.000000	12002700	120527.165698	0.990513	24996600	
200	123120.133311	1.000000	246055000	123120.133311	1.000000	1000500	123120.133311	1.000000	17003300	131462.430857	0.936542	33007600	
200	118575.653768	1.000000	189567000	118575.653768	1.000000	999900	118575.653768	1.000000	11002300	121170.926897	0.978582	25005600	
200	121334.743131	1.000000	171038500	121334.743131	1.000000	1000400	121334.743131	1.000000	9001900	123435.865016	0.982978	26030500	
200	114644.360051	1.000000	186029500	114644.360051	1.000000	997400	114644.360051	1.000000	13002900	120624.259598	0.950425	32007200	
200	121114.268879	1.000000	250046200	122689.903778	0.987158	1040900	121114.268879	1.000000	11962400	127018.614411	0.953516	26005300	
200	117916.206566	1.000000	211597200	117916.206566	1.000000	995000	117916.206566	1.000000	10002000	123142.028788	0.957563	27005900	
200	122163.303097	1.000000	219050700	122453.756956	0.997628	998700	122163.303097	1.000000	11002600	126715.046612	0.964079	28006800	
200	120744.263277	1.000000	212101500	120947.793084	0.998317	946200	120744.263277	1.000000	12002500	121202.494043	0.996219	27005900	
200	116259.624762	1.000000	211056900	116263.598447	0.999966	1000300	116259.624762	1.000000	11002400	124027.287151	0.937371	27006000	
200	117747.948777	1.000000	158035900	117747.948777	1.000000	1000200	117747.948777	1.000000	9001600	120629.014400	0.976116	26006100	
200	121666.873029	1.000000	192612200	121666.873029	1.000000	1000200	121666.873029	1.000000	11002400	123981.826519	0.981328	24997000	
200	123723.841567	1.000000	168049600	123723.841567	1.000000	997200	123723.841567	1.000000	9001700	128397.801996	0.963598	27006100	
200	122972.845259	1.000000	257154500	122976.146610	0.999973	998400	122972.845259	1.000000	12001900	123985.555872	0.991832	26006900	
200	115323.982849	1.000000	207045600	115323.982849	1.000000	1000800	115323.982849	1.000000	13003000	116608.528942	0.988984	26005400	
200	121353.740319	1.000000	251056200	121353.740319	1.000000	1050200	121353.740319	1.000000	12953000	126108.664072	0.962295	30007300	
200	113234.910897	1.000000	198043900	113234.910897	1.000000	1035100	113234.910897	1.000000	9967300	117243.631907	0.965809	28006800	
200	119975.070481	1.000000	181082500	119975.070481	1.000000	959300	119975.070481	1.000000	9001400	122614.428134	0.978474	27006500	
200	118003.216230	1.000000	272061000	118198.501027	0.998348	1000400	118003.216230	1.000000	12539000	125267.818901	0.942007	33007400	
200	113949.095222	1.000000	143032800	113949.095222	1.000000	1000000	113949.095222	1.000000	8001400	119439.203568	0.954034	28006500	
200	122991.245714	1.000000	164037100	122991.245714	1.000000	999800	122991.245714	1.000000	9011600	127445.025237	0.965053	27005900	
200	114170.040977	1.000000	266050400	114170.040977	1.000000	1000000	114170.040977	1.000000	13003400	116193.858097	0.982582	29006200	
200	114445.455419	1.000000	262113400	114462.162683	0.999854	955000	114445.455419	1.000000	15556900	118282.642484	0.967559	33004800	
200	118806.175353	1.000000	152024500	118806.175353	1.000000	1000300	118806.175353	1.000000	9001900	123579.454363	0.961375	32007500	
200	114972.804929	1.000000	176048900	115442.191462	0.995934	1000100	114972.804929	1.000000	9002100	122455.653225	0.938893	27006000	
200	114759.764810	1.000000	242044200	115722.564529	0.991680	1000600	114759.764810	1.000000	12003100	116845.412485	0.982150	32006800	
200	118378.820427	1.000000	215047700	118378.820427	1.000000	1001000	118378.820427	1.000000	10001800	123816.987942	0.956079	25006100	
200	122390.992054	1.000000	206046900	122390.992054	1.000000	999700	122390.992054	1.000000	11002500	127112.857126	0.962853	26005400	
200	118093.572666	1.000000	211056900	119503.559102	0.988201	1031700	118093.572666	1.000000	10971100	121974.599421	0.968182	27006300	
200	117612.603661	1.000000	183040900	118380.094186	0.993517	1000300	117612.603661	1.000000	9002000	121818.566765	0.965474	27006000	
200	120835.744847	1.000000	219039100	120835.744847	1.000000	1000800	120835.744847	1.000000	11002100	120697.958146	1.001142	25005700	
200	116950.812632	1.000000	189046300	116950.812632	1.000000	1000800	116950.812632	1.000000	9001600	117940.063453	0.991612	26005800	
200	116365.613534	1.000000	225050500	116365.613534	1.000000	999900	116365.613534	1.000000	11002600	120268.826499	0.967546	26006100	
200	119246.616871	1.000000	176040000	119246.616871	1.000000	999600	119246.616871	1.000000	10002700	123886.979661	0.962544	25005300	
200	120517.226732	1.000000	255056900	120571.992436	0.999546	1000000	120517.226732	1.000000	13002900	121495.335520	0.991949	25006500	
200	116449.540482	1.000000	201572900	116449.540482	1.000000	1000700	116449.540482	1.000000	10002300	120908.572197	0.963121	25005300	
200	126940.615272	1.000000	183041700	126940.615272	1.000000	999500	126940.615272	1.000000	8002000	133364.507927	0.951832	28006300	
200	120747.645067	1.000000	191516100	120747.645067	1.000000	999700	120747.645067	1.000000	10001800	124581.727002	0.969224	26035300	
200	124136.513438	1.000000	228061000	124136.513438	1.000000	1000400	124136.513438	1.000000	12002400	132490.354007	0.936948	28006200	
200	117234.548856	1.000000	188042200	117234.548856	1.000000	1000600	117234.548856	1.000000	10001900	120991.856230	0.968946	27006300	
200	118255.018022	1.000000	189032800	119536.374740	0.989281	1000200	118255.018022	1.000000	10002500	121128.142243	0.976280	27005500	
200	123152.369907	1.000000	212048000	123152.369907	1.000000	1000400	123152.369907	1.000000	12004000	127400.740642	0.966653	28414100	
200	118162.578326	1.000000	262092100	118340.092019	0.998500	1043600	118162.578326	1.000000	12959800	122479.617140	0.964753	26006000	
200	119102.953848	1.000000	223575800	119102.953848	1.000000	1000500	119102.953848	1.000000	12003300	119821.541487	0.994003	25004700	
200	119780.449735	1.000000	206055900	119780.449735	1.000000	2000600	119780.449735	1.000000	14003000	122495.763104	0.977833	30006700	
200	116485.148438	1.000000	237043900	116485.148438	1.000000	1000600	116485.148438	1.000000	13002700	121031.485405	0.962437	25006200	
200	118171.148454	1.000000	217048600	118171.148454	1.000000	1000200	118171.148454	1.000000	11003000	122993.084141	0.960795	26005300	
200	118553.403046	1.000000	238115700	118553.403046	1.000000	1000300	118553.403046	1.000000	13003100	127218.452369	0.931888	27006100	
200	118638.514361	1.000000	208046400	118638.514361	1.000000	2001200	118638.514361	1.000000	10002000	120919.643239	0.981135	25005700	
200	117948.375417	1.000000	189041700	117972.384785	0.999796	1000500	117948.375417	1.000000	10002800	120973.960030	0.974990	26044100	
200	123444.380908	1.000000	215010000	123444.380908	1.000000	1001000	123444.380908	1.000000	11002300	125292.049852	0.985253	32006700	
200	118021.033344	1.000000	264102400	118021.033344	1.000000	1000700	118021.033344	1.000000	14041400	124069.088278	0.951253	25966800	
200	114728.040958	1.000000	170038200	114728.040958	1.000000	1000600	114728.040958	1.000000	9002400	117473.497522	0.976629	27010200	
200	118440.564145	1.000000	253460100	118826.395276	0.996753	1000300	118440.564145	1.000000	13002600	121698.190857	0.973232	26006700	
200	113047.337776	1.000000	212046500	113047.337776	1.000000	1000000	113047.337776	1.000000	12545300	113334.516711	0.997466	25005200	
200	118998.402355	1.000000	196044800	118998.402355	1.000000	999500	118998.402355	1.000000	10002200	122413.910007	0.972099	26005800	
200	114116.172608	1.000000	149033100	114116.172608	1.000000	1000500	114116.172608	1.000000	9002200	118187.854295	0.965549	27006600	
200	119903.837702	1.000000	189042100	120877.335446	0.991946	1001800	119903.837702	1.000000	10002200	123969.535174	0.967204	27005300	
200	120483.747354	1.000000	235051800	120710.987823	0.998117	1000200	120483.747354	1.000000	11002100	120125.356451	1.002983	25007300	
200	120006.258164	1.000000	265620900	120006.258164	1.000000	1000400	120006.258164	1.000000	13003500	123682.574436	0.970276	27005400	
200	118573.136462	1.000000	204046600	118573.136462	1.000000	999700	118573.136462	1.000000	11002700	121920.147109	0.972548	27005600	
200	120971.179801	1.000000	212046800	120971.179801	1.000000	1000400	120971.179801	1.000000	13003100	123554.528889	0.979091	26005600	
200	119679.222380	1.000000	249599200	119679.222380	1.000000	1000500	119679.222380	1.000000	13002800	124780.501874	0.959118	27006500	
200	119985.178456	1.000000	233052100	120693.817303	0.994129	1000300	119985.178456	1.000000	11001600	124428.989781	0.964286	27006500	
200	120371.486027	1.000000	208046600	120371.486027	1.000000	1000800	120371.486027	1.000000	10001800	121781.456103	0.988422	28005900	
200	115924.833302	1.000000	194043600	115991.755786	0.999423	1000400	115924.833302	1.000000	10002000	119699.304870	0.968467	26005900	
200	116959.100855	1.000000	225589600	116966.307845	0.999938	1000100	116959.100855	1.000000	12002800	120936.226976	0.967114	26005900	
200	115650.191478	1.000000	288064600	115681.774317	0.999727	1000200	115650.191478	1.000000	14004000	118669.671565	0.974556	26014700	
200	116403.970235	1.000000	208046700	116548.596066	0.998759	1000100	116403.970235	1.000000	10002500	122520.966375	0.950074	26005900	
200	118175.448226	1.000000	152037100	118175.448226	1.000000	988200	118175.448226	1.000000	9010900	122302.151850	0.966258	27006100	
200	120300.658977	1.000000	214038300	120300.658977	1.000000	1000000	120300.658977	1.000000	11030700	123129.211289	0.977028	26977700	
200	124385.979109	1.000000	198045200	124611.205625	0.998193	1000800	124385.979109	1.000000	10002200	127251.314624	0.977483	26005400	
200	118142.198569	1.000000	205045900	118142.198569	1.000000	1000100	118142.198569	1.000000	10002300	122307.752532	0.965942	26005800	
200	121815.064166	1.000000	161035700	121815.064166	1.000000	1000500	121815.064166	1.000000	10002300	124935.369698	0.975025	25005300	
200	119322.807215	1.000000	146033400	119322.807215	1.000000	0	119322.807215	1.000000	7001200	121154.920319	0.984878	25037300	
300	147940.405444	1.000000	782183300	147940.405444	1.000000	2000900	147940.405444	1.000000	27005600	152967.769680	0.967134	86019300	
300	147457.880849	1.000000	686692300	148637.350979	0.992065	2000200	147457.880849	1.000000	24995800	151604.722110	0.972647	81018400	
300	145281.951773	1.000000	813759900	145287.507272	0.999962	2001200	145281.951773	1.000000	27002300	151248.263556	0.960553	92023700	
300	140359.814126	1.000000	575679400	140416.021119	0.999600	2000400	140359.814126	1.000000	22005000	143971.723691	0.974912	94011400	
300	146603.043103	1.000000	844739200	146603.043103	1.000000	2000300	146603.043103	1.000000	30997200	153447.915862	0.955393	84019100	
300	145003.454010	1.000000	854732400	145003.454010	1.000000	2000500	145003.454010	1.000000	32007500	149427.846007	0.970391	81019400	
300	145871.925718	1.000000	839760800	145871.925718	1.000000	1990400	145871.925718	1.000000	28006300	148619.792557	0.981511	83019000	
300	142559.551454	1.000000	803180600	142583.319921	0.999833	2000400	142559.551454	1.000000	30007300	147053.646732	0.969439	80027100	
300	146213.190384	1.000000	742167000	146213.190384	1.000000	2000200	146213.190384	1.000000	25996100	148078.712400	0.987402	82018400	
300	143552.016815	1.000000	819184600	143552.016815	1.000000	2000200	143552.016815	1.000000	30030700	147504.935093	0.973201	81018100	
300	150390.630326	1.000000	601662900	150390.630326	1.000000	2000400	150390.630326	1.000000	21005800	151843.883383	0.990429	86018900	
300	145857.756952	1.000000	800738500	145857.756952	1.000000	2000900	145857.756952	1.000000	30006400	147666.669415	0.987750	82031100	
300	142323.916733	1.000000	659687100	142323.916733	1.000000	2000400	142323.916733	1.000000	22005000	150093.019356	0.948238	86019200	
300	145140.131697	1.000000	755160900	145140.131697	1.000000	2000500	145140.131697	1.000000	27547000	150789.677561	0.962534	84018700	
300	146574.468563	1.000000	811182600	147221.109605	0.995608	2000300	146574.468563	1.000000	27007100	148898.704884	0.984390	79561300	
300	147361.703049	1.000000	611440300	147361.703049	1.000000	2001400	147361.703049	1.000000	23004100	147529.733919	0.998861	87021600	
300	141501.401040	1.000000	695649800	141874.577059	0.997370	2000700	141501.401040	1.000000	26009600	146969.920343	0.962792	84221300	
300	144757.396942	1.000000	791085200	146555.862233	0.987728	1999400	144757.396942	1.000000	27515200	151502.104697	0.955481	85030400	
300	148825.246442	1.000000	908027100	148825.246442	1.000000	2000400	148825.246442	1.000000	32339200	152285.558979	0.977277	85025200	
300	144723.347117	1.000000	822983900	145451.020865	0.994997	2908300	144723.347117	1.000000	28112900	147752.662201	0.979497	82026900	
300	147328.080088	1.000000	749951000	147381.034399	0.999641	2991600	147328.080088	1.000000	25995500	152880.374563	0.963682	120367900	
300	147224.232359	1.000000	792838100	147224.232359	1.000000	3000700	147224.232359	1.000000	41011000	153762.642464	0.957477	93345800	
300	144419.623561	1.000000	806807300	144489.561491	0.999516	2001000	144419.623561	1.000000	28518700	146694.191198	0.984494	82552700	
300	147047.319083	1.000000	863931300	147092.686917	0.999692	2000500	147047.319083	1.000000	29528000	151313.035764	0.971809	84531600	
300	151608.786746	1.000000	1023572200	151608.786746	1.000000	2000000	151608.786746	1.000000	33008400	155255.519433	0.976511	86534300	
300	144397.823484	1.000000	834447200	144397.823484	1.000000	2006000	144397.823484	1.000000	29007100	147760.491428	0.977242	96497500	
300	141969.009031	1.000000	682565400	141969.009031	1.000000	3000300	141969.009031	1.000000	24004900	146741.188149	0.967479	83918000	
300	148347.245708	1.000000	844008200	148508.300682	0.998916	2000500	148347.245708	1.000000	27006700	153371.579091	0.967241	87901300	
300	144715.616183	1.000000	600515000	144715.616183	1.000000	2000900	144715.616183	1.000000	22009200	147166.553284	0.983346	82019300	
300	148202.658440	1.000000	676537100	148202.658440	1.000000	2000600	148202.658440	1.000000	24004900	156199.830171	0.948802	87077700	
300	146878.942641	1.000000	569577000	146878.942641	1.000000	2000800	146878.942641	1.000000	20343200	152744.860153	0.961597	85091100	
300	150014.787416	1.000000	770062400	150065.205691	0.999664	2000300	150014.787416	1.000000	26511500	154184.152583	0.972959	87249600	
300	141094.405759	1.000000	709693200	141094.405759	1.000000	1999700	141094.405759	1.000000	26393200	145465.512628	0.969951	84523500	
300	141395.273980	1.000000	592489100	141395.273980	1.000000	1996300	141395.273980	1.000000	21008500	145014.887879	0.975040	83069700	
300	139261.539361	1.000000	709446300	139261.539361	1.000000	3000200	139261.539361	1.000000	26011400	143223.233255	0.972339	82457900	
300	143281.743239	1.000000	778383100	143281.743239	1.000000	2000000	143281.743239	1.000000	27005900	147248.548261	0.973060	85596200	
300	147004.322933	1.000000	699066000	147314.956134	0.997891	2000500	147004.322933	1.000000	26008500	150783.440101	0.974937	85531000	
300	150332.256479	1.000000	955404500	150332.256479	1.000000	2000100	150332.256479	1.000000	32516400	155861.002625	0.964528	87564200	
300	145343.201739	1.000000	762914000	145343.201739	1.000000	1999900	145343.201739	1.000000	27005400	150607.002523	0.965049	87989900	
300	149256.173465	1.000000	667091100	149256.173465	1.000000	2000400	149256.173465	1.000000	21907600	152012.608978	0.981867	84997500	
300	144870.154117	1.000000	882018400	145461.624518	0.995934	2000600	144870.154117	1.000000	29983600	148694.176701	0.974283	81528700	
300	146896.340823	1.000000	505550000	146896.340823	1.000000	3001100	146896.340823	1.000000	21443800	149597.735314	0.981942	82522300	
300	146758.229910	1.000000	794553400	146867.980157	0.999253	2000000	146758.229910	1.000000	27005900	150214.955592	0.976988	84521400	
300	147256.811765	1.000000	884018800	147256.811765	1.000000	2000500	147256.811765	1.000000	30389100	154816.089085	0.951173	82543300	
300	141555.415468	1.000000	603443200	141555.415468	1.000000	2000600	141555.415468	1.000000	22004300	145336.879530	0.973981	84521600	
300	143687.271274	1.000000	835558300	143687.271274	1.000000	2000600	143687.271274	1.000000	30515900	146036.368602	0.983914	79986000	
300	152465.386044	1.000000	739993000	153028.711899	0.996319	2001900	152465.386044	1.000000	27005200	157436.761914	0.968423	82422500	
300	145982.194423	1.000000	762586300	146452.132804	0.996791	2000800	145982.194423	1.000000	27021600	147623.553420	0.988881	80038100	
300	147348.247962	1.000000	1016408900	147348.247962	1.000000	2997400	147348.247962	1.000000	35016500	154653.087023	0.952766	83730700	
300	148857.649825	1.000000	660253000	148857.649825	1.000000	2000500	148857.649825	1.000000	25726300	154787.617165	0.961690	89230300	
300	143079.685516	1.000000	830650100	144290.492554	0.991609	1999700	143079.685516	1.000000	30402600	146958.823697	0.973604	80525700	
300	142864.430548	1.000000	702450900	142864.430548	1.000000	2000800	142864.430548	1.000000	26516000	143563.886603	0.995128	84760600	
300	145566.494199	1.000000	930777800	145566.494199	1.000000	3000200	145566.494199	1.000000	32013300	146337.501228	0.994731	85892600	
300	146760.760962	1.000000	623987900	146760.760962	1.000000	2000600	146760.760962	1.000000	21512500	154880.377863	0.947575	88526700	
300	143467.796058	1.000000	813535800	143467.796058	1.000000	1999700	143467.796058	1.000000	29006900	145735.674910	0.984438	80533700	
300	152124.854235	1.000000	646407200	152124.854235	1.000000	1995700	152124.854235	1.000000	22003500	156014.492030	0.975069	85721700	
300	142808.109094	1.000000	820441100	142808.109094	1.000000	2001000	142808.109094	1.000000	31005800	152225.133967	0.938138	91029100	
300	146671.531047	1.000000	625774400	146671.531047	1.000000	2000800	146671.531047	1.000000	22005100	151662.417559	0.967092	95047800	
300	140209.950873	1.000000	599554100	140209.950873	1.000000	2000400	140209.950873	1.000000	20005300	142510.648599	0.983856	84958100	
300	146530.680491	1.000000	599964500	146530.680491	1.000000	2000400	146530.680491	1.000000	22005100	153739.468146	0.953110	85844800	
300	145731.134110	1.000000	806671500	145731.134110	1.000000	3001000	145731.134110	1.000000	27485000	150073.606744	0.971064	85020300	
300	146399.587859	1.000000	547945500	146399.587859	1.000000	1999300	146399.587859	1.000000	20514400	151610.192560	0.965632	85484100	
300	148277.678453	1.000000	548073100	148277.678453	1.000000	2000400	148277.678453	1.000000	21004100	150575.167986	0.984742	84522100	
300	141134.061221	1.000000	630385000	141134.061221	1.000000	2081100	141134.061221	1.000000	22006200	147709.869984	0.955482	85520000	
300	147932.440023	1.000000	976710400	148133.076409	0.998646	3000900	147932.440023	1.000000	30009200	152269.794413	0.971515	86760900	
300	143332.376154	1.000000	652912200	143332.376154	1.000000	2000900	143332.376154	1.000000	24005100	148748.509378	0.963589	84077500	
300	148411.252129	1.000000	800003700	148524.979455	0.999234	2000900	148411.252129	1.000000	28005700	153315.728790	0.968011	84435300	
300	145213.156430	1.000000	736480000	145213.156430	1.000000	1999900	145213.156430	1.000000	26521000	153009.912723	0.949044	84479200	
300	146922.356219	1.000000	889987400	147014.180143	0.999375	1999900	146922.356219	1.000000	32007800	151417.650354	0.970312	81551700	
300	148226.313629	1.000000	729485300	148226.313629	1.000000	2001400	148226.313629	1.000000	25511400	151114.171501	0.980890	86994800	
300	142200.253742	1.000000	728522800	142200.253742	1.000000	1999500	142200.253742	1.000000	24518600	144364.426540	0.985009	84523300	
300	155000.816202	1.000000	781977500	155147.550176	0.999054	2000200	155000.816202	1.000000	28914500	159514.538126	0.971703	81536400	
300	147923.195591	1.000000	718466600	148303.477794	0.997436	2000100	147923.195591	1.000000	27008600	152312.198678	0.971184	84508600	
300	144442.948559	1.000000	777489500	144464.747563	0.999849	2001100	144442.948559	1.000000	27536800	145782.536920	0.990811	80541300	
300	147593.097390	1.000000	716925400	147593.097390	1.000000	2000100	147593.097390	1.000000	24970300	148763.261957	0.992134	81522700	
300	148438.324162	1.000000	954012700	148438.324162	1.000000	2010000	148438.324162	1.000000	34462000	152868.735613	0.971018	81525500	
300	153721.776998	1.000000	966016100	153721.776998	1.000000	2001000	153721.776998	1.000000	33980800	156701.949140	0.980982	88572400	
300	144904.073999	1.000000	836910300	144904.073999	1.000000	2001400	144904.073999	1.000000	33533700	150146.139146	0.965087	87482800	
300	147456.929530	1.000000	1016590800	147456.929530	1.000000	2000400	147456.929530	1.000000	36512400	153926.664342	0.957969	81944200	
300	140872.488069	1.000000	839917600	141325.266677	0.996796	2000500	140872.488069	1.000000	29006800	144198.818299	0.976932	82032200	
300	148184.162286	1.000000	716057500	148697.564897	0.996547	2000300	148184.162286	1.000000	32006200	152420.614402	0.972206	84959800	
300	145711.030732	1.000000	717946900	145711.030732	1.000000	2504700	145711.030732	1.000000	24006500	150406.238181	0.968783	86050000	
300	140402.470553	1.000000	900455100	140874.925183	0.996646	2000400	140402.470553	1.000000	30977700	143432.916647	0.978872	79527300	
300	143339.665060	1.000000	591467500	143339.665060	1.000000	2059800	143339.665060	1.000000	21078400	150076.858147	0.955108	93675300	
300	147843.381506	1.000000	890105600	147843.381506	1.000000	2000700	147843.381506	1.000000	41010000	153487.263293	0.963229	98993000	
300	145083.639549	1.000000	854530300	145126.010079	0.999708	2000700	145083.639549	1.000000	29501600	147793.385894	0.981665	84528800	
300	144459.347526	1.000000	923492900	144459.347526	1.000000	2000300	144459.347526	1.000000	33007300	149253.277288	0.967881	82929800	
300	143642.498140	1.000000	812096500	144144.400543	0.996518	2001000	143642.498140	1.000000	29005300	147439.922426	0.974244	80529100	
300	147899.558449	1.000000	671011600	147899.558449	1.000000	2000100	147899.558449	1.000000	22005500	152001.930893	0.973011	89541200	
300	145438.865614	1.000000	816793200	145438.865614	1.000000	2002000	145438.865614	1.000000	29004900	148840.615106	0.977145	84329100	
300	150435.792356	1.000000	999314900	150478.366556	0.999717	2000100	150435.792356	1.000000	33007100	152152.928244	0.988714	84862300	
300	142906.895612	1.000000	571827400	142906.895612	1.000000	2000500	142906.895612	1.000000	20007300	144157.966745	0.991322	81686600	
300	149042.539072	1.000000	738058600	149042.539072	1.000000	2000400	149042.539072	1.000000	27905200	155647.384292	0.957565	84025200	
300	145523.330055	1.000000	691967900	145523.330055	1.000000	1996300	145523.330055	1.000000	23005000	148811.786549	0.977902	83525600	
300	145641.589278	1.000000	796471200	145641.589278	1.000000	2000600	145641.589278	1.000000	28006100	151104.755294	0.963845	87078500	
300	148448.822354	1.000000	807494000	148500.329165	0.999653	3000600	148448.822354	1.000000	34016800	154001.659032	0.963943	97402900	
300	144239.302408	1.000000	1021559200	145479.839398	0.991473	2000400	144239.302408	1.000000	34439800	148601.586981	0.970644	87027200	
300	146431.958886	1.000000	655986100	146431.958886	1.000000	2000500	146431.958886	1.000000	24009200	148096.837049	0.988758	92087800	
300	141529.344574	1.000000	791482900	141561.225735	0.999775	2002300	141529.344574	1.000000	30004100	148797.197482	0.951156	84992000	
300	144320.876729	1.000000	1041487200	144480.148946	0.998898	2000500	144320.876729	1.000000	38008200	147104.165504	0.981079	78522100	
400	166465.677860	1.000000	2034034800	166733.007509	0.998397	3365600	166465.677860	1.000000	69010200	171021.218525	0.973363	199061300	
400	169093.327693	1.000000	2055534200	169152.657192	0.999649	3000800	169093.327693	1.000000	53011700	175290.384156	0.964647	193900200	
400	161950.902327	1.000000	1161760100	161958.878662	0.999951	4001900	161950.902327	1.000000	34006500	166354.203041	0.973531	196732000	
400	165949.300474	1.000000	1867587600	166262.856665	0.998114	3387800	165949.300474	1.000000	54013100	169997.640646	0.976186	199990500	
400	167029.227274	1.000000	1286679700	167029.227274	1.000000	3000500	167029.227274	1.000000	36012300	173019.578871	0.965378	205061300	
400	171159.475909	1.000000	1512309900	171159.475909	1.000000	4002100	171159.475909	1.000000	41008800	175497.968199	0.975279	214992300	
400	168890.164213	1.000000	1550991700	168917.525383	0.999838	4000900	168890.164213	1.000000	41008300	173000.950947	0.976238	194968600	
400	166463.725031	1.000000	2145968200	166463.725031	1.000000	4003100	166463.725031	1.000000	63979900	169709.813164	0.980873	193527200	
400	169820.788198	1.000000	1763044500	169896.368236	0.999555	3001000	169820.788198	1.000000	48035100	174203.817712	0.974840	195076400	
400	169867.287288	1.000000	1778308800	169867.287288	1.000000	4001800	169867.287288	1.000000	47009900	174162.846936	0.975336	189065300	
400	164098.221152	1.000000	1451529600	164098.221152	1.000000	3540900	164098.221152	1.000000	38851300	167266.191957	0.981060	200002300	
400	170403.932693	1.000000	2355015400	170680.503574	0.998380	3000100	170403.932693	1.000000	61004200	177363.761066	0.960760	191056400	
400	167004.773140	1.000000	2291958800	167004.773140	1.000000	3001700	167004.773140	1.000000	59151400	168385.562109	0.991800	180887000	
400	170002.304413	1.000000	1697592200	170002.304413	1.000000	4000900	170002.304413	1.000000	52412300	177684.183387	0.956767	207019800	
400	165923.274067	1.000000	1899918400	165923.274067	1.000000	3085700	165923.274067	1.000000	48890800	171298.966876	0.968618	196096000	
400	169674.211379	1.000000	2202007000	169752.138921	0.999541	2947200	169674.211379	1.000000	59005800	175221.837578	0.968339	190955500	
400	168971.725437	1.000000	2082041100	169039.976884	0.999596	3000500	168971.725437	1.000000	67018800	178988.307933	0.944038	194923100	
400	171562.968762	1.000000	1979611800	171562.968762	1.000000	3000600	171562.968762	1.000000	54013300	176818.893890	0.970275	194900700	
400	166009.759765	1.000000	1852881600	166009.759765	1.000000	3991700	166009.759765	1.000000	60035300	172797.777261	0.960717	215090500	
400	167815.943883	1.000000	2027093400	167815.943883	1.000000	2999400	167815.943883	1.000000	52979100	174722.581778	0.960471	196129700	
400	169820.025193	1.000000	2034901100	169820.025193	1.000000	4001000	169820.025193	1.000000	72019700	171559.284660	0.989862	199697200	
400	165436.051954	1.000000	1740093600	165436.051954	1.000000	3000700	165436.051954	1.000000	47545100	169015.577033	0.978821	216047000	
400	169625.991043	1.000000	1910510400	169704.411148	0.999538	3000400	169625.991043	1.000000	52458000	174979.931910	0.969403	215152700	
400	169620.716532	1.000000	1988567500	169620.716532	1.000000	4023100	169620.716532	1.000000	54570900	173207.610077	0.979291	187638100	
400	164257.905393	1.000000	1104663100	164257.905393	1.000000	4014300	164257.905393	1.000000	30052400	171678.536741	0.956776	199076100	
400	169269.455013	1.000000	1384647400	169269.455013	1.000000	3990700	169269.455013	1.000000	37011900	174378.495137	0.970701	192323700	
400	176415.358173	1.000000	1979601700	176415.358173	1.000000	3000000	176415.358173	1.000000	49101000	182760.879718	0.965280	203641700	
400	168026.867239	1.000000	1790544000	168026.867239	1.000000	3012400	168026.867239	1.000000	47061800	169663.379399	0.990354	209633800	
400	174355.039333	1.000000	2016451400	174355.039333	1.000000	3000500	174355.039333	1.000000	52545200	178434.027760	0.977140	194821200	
400	165229.698722	1.000000	1654439100	165349.771352	0.999274	4001300	165229.698722	1.000000	45014000	168967.915847	0.977876	201431600	
400	168787.994901	1.000000	2365619200	168787.994901	1.000000	4001100	168787.994901	1.000000	63934600	173367.767821	0.973583	190765900	
400	165178.285835	1.000000	2313946100	165178.285835	1.000000	4001100	165178.285835	1.000000	58045900	168296.653034	0.981471	193192800	
400	168841.658311	1.000000	2002061700	168841.658311	1.000000	4001100	168841.658311	1.000000	53091000	173303.326362	0.974255	196056500	
400	170133.482245	1.000000	1873703700	170162.684813	0.999828	3992800	170133.482245	1.000000	50010100	174827.600955	0.973150	204697500	
400	168293.102262	1.000000	1767319300	168337.735083	0.999735	3009200	168293.102262	1.000000	47960600	173368.219036	0.970726	194486100	
400	163011.402532	1.000000	1766059800	163179.044335	0.998973	3009100	163011.402532	1.000000	47991300	168408.334351	0.967953	200630400	
400	168276.211358	1.000000	1347376300	168276.211358	1.000000	3999900	168276.211358	1.000000	34514300	174464.070861	0.964532	220001600	
400	163222.031745	1.000000	2365276600	163246.159015	0.999852	4000600	163222.031745	1.000000	65546400	165453.163804	0.986515	186565600	
400	172462.895407	1.000000	1647166300	172462.895407	1.000000	4000700	172462.895407	1.000000	57425600	178625.794737	0.965498	200898500	
400	171964.401751	1.000000	1880418100	171964.401751	1.000000	3000700	171964.401751	1.000000	51511600	179201.985307	0.959612	194103000	
400	168839.440343	1.000000	1849118200	168839.440343	1.000000	3001400	168839.440343	1.000000	49014500	172460.495184	0.979004	201125700	
400	170588.714365	1.000000	1986886100	170588.714365	1.000000	3000900	170588.714365	1.000000	50074200	173480.214255	0.983332	194151500	
400	167590.536255	1.000000	1750767700	167590.536255	1.000000	3000200	167590.536255	1.000000	46010600	173277.219138	0.967182	195615400	
400	171241.144173	1.000000	1555122000	171241.144173	1.000000	3021800	171241.144173	1.000000	39428200	174671.701083	0.980360	216548700	
400	167806.628154	1.000000	1607579900	167867.862976	0.999635	4000900	167806.628154	1.000000	50544400	174730.218022	0.960376	188112600	
400	167119.572969	1.000000	2022741500	167119.572969	1.000000	3010300	167119.572969	1.000000	51028400	172657.252714	0.967927	193148700	
400	172019.694914	1.000000	1703146500	172023.733210	0.999977	4000300	172019.694914	1.000000	43763200	172029.828559	0.999941	189682900	
400	171994.272203	1.000000	1580115000	172169.389022	0.998983	3000600	171994.272203	1.000000	43552100	177231.980517	0.970447	204637000	
400	165033.322452	1.000000	2153089100	165136.355700	0.999376	3001300	165033.322452	1.000000	55520300	167671.612145	0.984265	200970300	
400	166905.583418	1.000000	1940722600	166905.583418	1.000000	3000500	166905.583418	1.000000	52835200	176058.990555	0.948009	199784000	
400	166860.619690	1.000000	1925220900	166860.619690	1.000000	3000400	166860.619690	1.000000	50057400	171158.769911	0.974888	198091100	
400	174632.722107	1.000000	1749295300	175133.164626	0.997143	4003900	174632.722107	1.000000	51935700	178969.319032	0.975769	196571800	
400	167503.706225	1.000000	2150291400	167544.452324	0.999757	3500200	167503.706225	1.000000	56072400	169484.412735	0.988313	195220000	
400	166537.447670	1.000000	1437159700	166647.086645	0.999342	3855300	166537.447670	1.000000	37078400	170455.011125	0.977017	199690400	
400	167141.503919	1.000000	1521543700	167141.503919	1.000000	3506500	167141.503919	1.000000	43043700	169382.241583	0.986771	212171000	
400	174301.324497	1.000000	2012841600	174315.577302	0.999918	3506700	174301.324497	1.000000	54155200	175743.562565	0.991794	199731700	
400	168354.607703	1.000000	2004378500	168382.231563	0.999836	4009800	168354.607703	1.000000	53089600	173542.454510	0.970106	192248400	
400	169601.947403	1.000000	1930982700	169601.947403	1.000000	2992700	169601.947403	1.000000	49306600	177880.667623	0.953459	204549300	
400	168763.722386	1.000000	2128180900	168763.722386	1.000000	2996700	168763.722386	1.000000	57031400	176272.407225	0.957403	194096500	
400	168579.981452	1.000000	1459841000	168579.981452	1.000000	3992400	168579.981452	1.000000	40056300	172506.745180	0.977237	199911300	
400	167980.834844	1.000000	1618754100	167980.834844	1.000000	4001800	167980.834844	1.000000	44017200	174271.626025	0.963902	199160800	
400	167825.817006	1.000000	2079174700	167920.821099	0.999434	2991500	167825.817006	1.000000	52074300	170913.827744	0.981932	187783700	
400	172512.872036	1.000000	2107061200	172512.872036	1.000000	4000800	172512.872036	1.000000	57020900	183933.269513	0.937910	220724000	
400	167563.415093	1.000000	1738259600	167563.415093	1.000000	3000500	167563.415093	1.000000	48052800	170169.750892	0.984684	204076400	
400	164668.994290	1.000000	1969941100	164668.994290	1.000000	3004800	164668.994290	1.000000	50331200	167783.165854	0.981439	187819600	
400	166131.469748	1.000000	2219638400	166131.469748	1.000000	4014400	166131.469748	1.000000	58949400	172500.536463	0.963078	191301700	
400	166269.766257	1.000000	1613856700	166269.766257	1.000000	4001000	166269.766257	1.000000	44069600	171261.648501	0.970852	194154800	
400	169386.105741	1.000000	1764127800	169386.105741	1.000000	3009300	169386.105741	1.000000	45063500	174831.489247	0.968854	216741700	
400	166433.053052	1.000000	1921373000	166692.356262	0.998444	4000400	166433.053052	1.000000	48871100	170829.700534	0.974263	198579700	
400	168789.171273	1.000000	1972922800	168789.171273	1.000000	3000500	168789.171273	1.000000	51607900	172682.855678	0.977452	205267200	
400	172738.238903	1.000000	1154955100	172738.238903	1.000000	3995300	172738.238903	1.000000	31541300	174805.811481	0.988172	191299800	
400	173966.114703	1.000000	1535825800	173966.114703	1.000000	3000700	173966.114703	1.000000	39592400	178108.380625	0.976743	201865100	
400	163550.776272	1.000000	1237976900	163586.928108	0.999779	4010600	163550.776272	1.000000	32511200	165309.555061	0.989361	198695700	
400	171418.660553	1.000000	1761769700	171418.660553	1.000000	3000800	171418.660553	1.000000	46066500	174030.178566	0.984994	191205000	
400	168918.534137	1.000000	2066754900	168918.534137	1.000000	3001100	168918.534137	1.000000	56016800	173930.911391	0.971182	191853500	
400	164302.917711	1.000000	1703336700	164302.917711	1.000000	3003700	164302.917711	1.000000	44414100	169006.495044	0.972169	189379500	
400	169240.672786	1.000000	1930351200	169240.672786	1.000000	3000800	169240.672786	1.000000	51550600	175603.216975	0.963767	200229700	
400	174028.465087	1.000000	1578668600	174983.375249	0.994543	3000200	174028.465087	1.000000	39530200	181340.191623	0.959680	202219800	
400	171727.719481	1.000000	2055807700	171830.335146	0.999403	3992200	171727.719481	1.000000	52034200	176254.106080	0.974319	198823800	
400	172737.407298	1.000000	1533733900	172746.312770	0.999948	3000800	172737.407298	1.000000	40747100	179666.711019	0.961432	207799100	
400	171156.859517	1.000000	1872714600	171156.859517	1.000000	4001600	171156.859517	1.000000	49522600	174267.682054	0.982149	203368000	
400	175880.104863	1.000000	1583416100	175880.104863	1.000000	3022800	175880.104863	1.000000	44538300	179177.090436	0.981599	193896300	
400	165714.922134	1.000000	1985011800	166026.724137	0.998122	4013000	165714.922134	1.000000	55072500	173047.870206	0.957625	193257100	
400	173719.821235	1.000000	1710967000	173863.460166	0.999174	3001300	173719.821235	1.000000	48023800	185693.213643	0.935521	202658500	
400	167539.954126	1.000000	1994434600	167539.954126	1.000000	4023600	167539.954126	1.000000	55115600	174981.172383	0.957474	198469500	
400	166052.477164	1.000000	1514610400	166052.477164	1.000000	3516900	166052.477164	1.000000	40009100	169505.356128	0.979630	195712300	
400	170761.875472	1.000000	2002678800	170761.875472	1.000000	3891100	170761.875472	1.000000	49588400	173369.009120	0.984962	196088900	
400	172236.688198	1.000000	2424095300	172270.470550	0.999804	3512100	172236.688198	1.000000	62640200	178913.703639	0.962680	200668500	
400	167622.774000	1.000000	1612914000	167622.774000	1.000000	3000700	167622.774000	1.000000	41930500	173775.823937	0.964592	191493100	
400	170026.974275	1.000000	1395182100	170026.974275	1.000000	3511700	170026.974275	1.000000	36014400	175538.884339	0.968600	200960200	
400	177294.985009	1.000000	1764453200	178062.343983	0.995691	3009800	177294.985009	1.000000	48001100	181622.356511	0.976174	195627200	
400	166731.862893	1.000000	1381174700	166731.862893	1.000000	4003300	166731.862893	1.000000	37562800	168989.552794	0.986640	193283900	
400	168619.332850	1.000000	1954738400	168619.332850	1.000000	3002200	168619.332850	1.000000	49062600	172175.901791	0.979343	195278700	
400	171139.006956	1.000000	1741299100	171139.006956	1.000000	3507500	171139.006956	1.000000	50249700	176505.079365	0.969598	197719500	
400	167649.198472	1.000000	2099924400	167649.198472	1.000000	3000000	167649.198472	1.000000	52076800	171859.662201	0.975501	196324500	
400	164755.760234	1.000000	2003658700	164755.760234	1.000000	4011200	164755.760234	1.000000	55024900	170816.234223	0.964521	194151200	
400	168557.481080	1.000000	2022942100	168557.481080	1.000000	4000800	168557.481080	1.000000	51519000	173832.598370	0.969654	191473200	
400	168214.212557	1.000000	1758007100	168214.212557	1.000000	4004600	168214.212557	1.000000	45025300	174151.672676	0.965906	195014000	
400	164566.111402	1.000000	1791511800	164566.111402	1.000000	4000900	164566.111402	1.000000	46522300	169274.780347	0.972183	197924500	
400	173780.847472	1.000000	1557880300	173780.847472	1.000000	3992700	173780.847472	1.000000	42020300	180976.793349	0.960238	202099100	
500	186517.475503	1.000000	3876829700	187694.565317	0.993729	4510200	186517.475503	1.000000	84419200	191935.855003	0.971770	368616800	
500	192902.837624	1.000000	3662618500	192902.837624	1.000000	5003900	192902.837624	1.000000	76055700	200228.226952	0.963415	379976300	
500	187248.646460	1.000000	3925898600	187248.646460	1.000000	4992400	187248.646460	1.000000	83563200	191614.050829	0.977218	376720800	
500	193312.706765	1.000000	4387875700	193468.166924	0.999196	5000800	193312.706765	1.000000	95052500	205101.399104	0.942523	390701400	
500	188968.361160	1.000000	3869442600	189142.584469	0.999079	5001100	188968.361160	1.000000	81562600	194172.609166	0.973198	377284500	
500	191425.910245	1.000000	3797308000	191425.910245	1.000000	5021900	191425.910245	1.000000	77694400	195339.454526	0.979965	382754500	
500	188363.099979	1.000000	4158817100	188482.848036	0.999365	5001400	188363.099979	1.000000	87769200	192805.279954	0.976960	370205400	
500	191851.666452	1.000000	3547851500	191915.693232	0.999666	5001300	191851.666452	1.000000	74021100	202690.944367	0.946523	434129900	
500	186323.532413	1.000000	3774332600	186372.129321	0.999739	5001400	186323.532413	1.000000	80017600	193245.211244	0.964182	380973800	
500	189755.841874	1.000000	3776946700	189845.898643	0.999526	6008300	189755.841874	1.000000	82038500	194665.593624	0.974779	379216200	
500	190331.396094	1.000000	3694463200	190389.053431	0.999697	6001600	190331.396094	1.000000	101158500	199029.785248	0.956296	412823400	
500	187795.698787	1.000000	3540849300	187864.386015	0.999634	6001900	187795.698787	1.000000	72529500	196072.184817	0.957789	408733000	
500	189652.363266	1.000000	4628204000	190909.520366	0.993415	6001000	189652.363266	1.000000	96219900	200127.439872	0.947658	379820200	
500	192334.308992	1.000000	4760650700	192917.773817	0.996976	5001100	192334.308992	1.000000	103072600	199325.917424	0.964924	369183000	
500	187070.965663	1.000000	2809796500	187070.965663	1.000000	5001000	187070.965663	1.000000	58039100	192567.433641	0.971457	374109000	
500	188389.688008	1.000000	3511421800	188389.688008	1.000000	5508900	188389.688008	1.000000	73029300	194143.479410	0.970363	365266600	
500	190280.339487	1.000000	3493128400	190530.815793	0.998685	4512300	190280.339487	1.000000	71020900	197385.473642	0.964004	380972400	
500	189245.689854	1.000000	2504974800	189245.689854	1.000000	6004800	189245.689854	1.000000	69571100	194466.681513	0.973152	378393300	
500	186787.698495	1.000000	4416360500	186787.698495	1.000000	5003800	186787.698495	1.000000	95471000	195416.131815	0.955846	377320600	
500	190929.571197	1.000000	3553090300	190929.571197	1.000000	6001500	190929.571197	1.000000	77443500	196740.375884	0.970465	381259200	
500	194494.350120	1.000000	3802669700	194519.042008	0.999873	4992100	194494.350120	1.000000	82564700	200001.387504	0.972465	386705900	
500	188206.615247	1.000000	3913358900	188206.615247	1.000000	5010700	188206.615247	1.000000	88035800	195291.087117	0.963724	378038700	
500	187574.257227	1.000000	3465099600	187574.257227	1.000000	5000400	187574.257227	1.000000	73554900	191419.839991	0.979910	374815700	
500	190635.041443	1.000000	3448336600	190795.297373	0.999160	6001600	190635.041443	1.000000	71464500	197648.379863	0.964516	368422400	
500	186657.055365	1.000000	3969107100	186657.055365	1.000000	5006300	186657.055365	1.000000	82306000	190489.848524	0.979879	366716900	
500	195135.483481	1.000000	2938565200	195252.637043	0.999400	5012400	195135.483481	1.000000	61518100	196826.372358	0.991409	377061100	
500	195211.849006	1.000000	3646684100	195211.849006	1.000000	5001700	195211.849006	1.000000	76549200	200446.940010	0.973883	367026400	
500	192743.344452	1.000000	4098463900	192743.344452	1.000000	5000000	192743.344452	1.000000	88039100	201347.992462	0.957265	464000600	
500	189210.659199	1.000000	3475914200	189347.769485	0.999276	5001600	189210.659199	1.000000	71703500	195699.510296	0.966843	389164300	
500	192020.853199	1.000000	3875314900	192020.853199	1.000000	6001400	192020.853199	1.000000	82901800	195748.153659	0.980959	393313600	
500	191443.276271	1.000000	3942000600	191443.276271	1.000000	5001200	191443.276271	1.000000	82937200	200642.710242	0.954150	398134800	
500	191487.898846	1.000000	3578734000	191487.898846	1.000000	5010000	191487.898846	1.000000	73708300	195231.685218	0.980824	391641000	
500	189095.653395	1.000000	3897999500	189095.653395	1.000000	4992500	189095.653395	1.000000	85098000	196597.269368	0.961843	413144400	
500	185554.371563	1.000000	4526526500	185554.371563	1.000000	5992700	185554.371563	1.000000	94542000	193750.424376	0.957698	372511700	
500	190735.979566	1.000000	3777712800	190737.324271	0.999993	5002400	190735.979566	1.000000	81357600	195242.594006	0.976918	380497400	
500	187343.064648	1.000000	3861394300	187930.129278	0.996876	5010300	187343.064648	1.000000	80931200	192912.405490	0.971130	392841600	
500	190752.807554	1.000000	2947917800	190752.807554	1.000000	5004600	190752.807554	1.000000	63027000	197185.930831	0.967375	364603200	
500	191026.127327	1.000000	4411325600	191026.127327	1.000000	5005700	191026.127327	1.000000	91021600	198564.827669	0.962034	378128700	
500	186506.916644	1.000000	2500304000	186506.916644	1.000000	5014800	186506.916644	1.000000	56530000	193075.606969	0.965979	384316000	
500	187643.281813	1.000000	4067870400	187643.281813	1.000000	4997500	187643.281813	1.000000	92064600	193893.074467	0.967767	365809500	
500	188138.817644	1.000000	4606886800	188138.817644	1.000000	5004400	188138.817644	1.000000	98082700	193692.160505	0.971329	374318000	
500	187654.551798	1.000000	3891775100	187940.450659	0.998479	6001300	187654.551798	1.000000	86036900	193201.924447	0.971287	380406900	
500	189933.791438	1.000000	4032276500	190288.996956	0.998133	5001200	189933.791438	1.000000	84048300	194974.774929	0.974145	399321800	
500	188392.145592	1.000000	3353743000	188392.145592	1.000000	5000700	188392.145592	1.000000	74021300	193295.362975	0.974634	368036500	
500	188719.594006	1.000000	3358518500	188719.594006	1.000000	5010600	188719.594006	1.000000	71028700	197056.101290	0.957695	450749300	
500	188834.941636	1.000000	4140631300	188834.941636	1.000000	4506300	188834.941636	1.000000	99532700	194586.523320	0.970442	384295500	
500	192970.251313	1.000000	3696324400	192970.251313	1.000000	6013700	192970.251313	1.000000	81521800	200336.581946	0.963230	383679500	
500	190162.355733	1.000000	4427322700	190162.355733	1.000000	5000900	190162.355733	1.000000	93040700	196858.826959	0.965983	418917100	
500	186730.506202	1.000000	4000738200	186730.506202	1.000000	5001200	186730.506202	1.000000	87080900	190443.762878	0.980502	371141500	
500	190778.225100	1.000000	2572854100	190778.225100	1.000000	5532900	190778.225100	1.000000	74076000	199526.457066	0.956155	380747400	
500	191970.470162	1.000000	4128030900	192059.849239	0.999535	5284700	191970.470162	1.000000	109538400	200745.967513	0.956286	380325000	
500	189798.207253	1.000000	4304822600	190016.057504	0.998854	5001800	189798.207253	1.000000	87046000	197046.348862	0.963216	384625300	
500	186729.822091	1.000000	4902168500	186729.822091	1.000000	5001100	186729.822091	1.000000	101040400	192285.544411	0.971107	381327200	
500	187969.967128	1.000000	2921994600	187969.967128	1.000000	4999800	187969.967128	1.000000	63529600	192533.349890	0.976298	376219300	
500	193738.609230	1.000000	4068994000	193738.609230	1.000000	5001100	193738.609230	1.000000	83376300	198426.701892	0.976374	380641700	
500	187820.787756	1.000000	4081588000	188155.897279	0.998219	5001300	187820.787756	1.000000	86637200	191749.082320	0.979513	362356000	
500	193657.282280	1.000000	3821834700	193657.282280	1.000000	5503800	193657.282280	1.000000	79027600	195808.398892	0.989014	372788900	
500	192324.867013	1.000000	3613965200	192324.867013	1.000000	5302300	192324.867013	1.000000	81364300	199089.748740	0.966021	371137100	
500	189443.137820	1.000000	2992311600	189660.855133	0.998852	5001000	189443.137820	1.000000	62027300	198674.839261	0.953534	385823400	
500	182141.076707	1.000000	3790757500	182141.076707	1.000000	5003400	182141.076707	1.000000	77566500	188875.130948	0.964347	377788600	
500	183441.320574	1.000000	2926717500	183441.320574	1.000000	6000400	183441.320574	1.000000	65026700	189921.434835	0.965880	402228700	
500	193099.554289	1.000000	3966940700	193557.922778	0.997632	5001400	193099.554289	1.000000	82044500	200288.651429	0.964106	380301000	
500	193313.472425	1.000000	2768172400	193364.311690	0.999737	5001100	193313.472425	1.000000	58525200	199082.775921	0.971021	374490100	
500	187763.161621	1.000000	4736275200	187763.161621	1.000000	5010700	187763.161621	1.000000	128097200	191001.298272	0.983047	380168600	
500	184240.363294	1.000000	3421831700	184240.363294	1.000000	4998900	184240.363294	1.000000	73015400	188459.338330	0.977613	391322700	
500	190578.476708	1.000000	4283796800	190594.232415	0.999917	5521100	190578.476708	1.000000	91547400	196537.372521	0.969681	365015900	
500	190297.952978	1.000000	3928199700	190297.952978	1.000000	5001300	190297.952978	1.000000	80561600	197769.360042	0.962222	389191800	
500	185645.083822	1.000000	3703611600	185645.083822	1.000000	5000700	185645.083822	1.000000	76809200	191653.619274	0.968649	393276400	
500	186890.406023	1.000000	3397360600	186890.406023	1.000000	5006600	186890.406023	1.000000	74065000	200865.943126	0.930424	382047700	
500	186543.406499	1.000000	3453556300	186543.406499	1.000000	6001600	186543.406499	1.000000	72550500	193330.767266	0.964892	375485400	
500	184612.972647	1.000000	4434230600	184612.972647	1.000000	5002600	184612.972647	1.000000	95045000	189590.632831	0.973745	374038900	
500	191766.752538	1.000000	4340437500	191766.752538	1.000000	5001900	191766.752538	1.000000	95127200	194420.398366	0.986351	386904600	
500	184089.184036	1.000000	3765883600	184334.709803	0.998668	6001400	184089.184036	1.000000	78949900	188295.642960	0.977660	380799000	
500	184851.197486	1.000000	3837214900	184971.862640	0.999348	5001100	184851.197486	1.000000	82515900	187474.901167	0.986005	370555800	
500	183680.429130	1.000000	2897533200	183680.429130	1.000000	4992400	183680.429130	1.000000	64049700	194135.372297	0.946146	387968100	
500	193019.060633	1.000000	3190527300	193023.651057	0.999976	5001000	193019.060633	1.000000	67887700	199838.782453	0.965874	381289000	
500	185389.142664	1.000000	3223664400	185551.141346	0.999127	5000400	185389.142664	1.000000	68995100	192526.496197	0.962928	373809700	
500	189599.383771	1.000000	2484798300	189599.383771	1.000000	5000800	189599.383771	1.000000	52014500	194550.423504	0.974551	387756800	
500	192894.598597	1.000000	4657196100	193636.980460	0.996166	5000100	192894.598597	1.000000	99037400	200544.879832	0.961853	387118500	
500	183638.062710	1.000000	3676425900	183638.062710	1.000000	5001100	183638.062710	1.000000	104208600	189281.177822	0.970187	375020500	
500	188619.385049	1.000000	3471967400	189015.473560	0.997904	5002500	188619.385049	1.000000	70889400	192397.537897	0.980363	376236500	
500	191412.056113	1.000000	5286499000	191709.755854	0.998447	6000400	191412.056113	1.000000	117591300	198012.792857	0.966665	369238900	
500	188120.239854	1.000000	3228814600	188129.127215	0.999953	5001100	188120.239854	1.000000	66018600	193406.823941	0.972666	406862300	
500	187832.804209	1.000000	3953154000	188099.812473	0.998580	4992900	187832.804209	1.000000	81053000	199057.016480	0.943613	373943800	
500	186556.037824	1.000000	3471914400	186556.037824	1.000000	5011600	186556.037824	1.000000	69032600	187435.804491	0.995306	371905400	
500	191854.852345	1.000000	4180825100	191854.852345	1.000000	4992700	191854.852345	1.000000	89052200	202267.344972	0.948521	380302600	
500	192254.269050	1.000000	4955847100	192614.722267	0.998129	6001200	192254.269050	1.000000	102534200	197797.631258	0.971975	392361400	
500	183071.274464	1.000000	4512981100	183071.274464	1.000000	5000900	183071.274464	1.000000	100547800	188909.121574	0.969097	362778100	
500	192420.691342	1.000000	3291634800	192906.799737	0.997480	5000500	192420.691342	1.000000	67091200	199189.582027	0.966018	395845200	
500	189650.588537	1.000000	3757008600	189693.052093	0.999776	5001700	189650.588537	1.000000	79033400	195015.606003	0.972489	373110400	
500	185564.716978	1.000000	2937014500	185564.716978	1.000000	5001200	185564.716978	1.000000	66479800	191962.560392	0.966671	378633500	
500	189976.952244	1.000000	2929096000	189976.952244	1.000000	5000800	189976.952244	1.000000	60004200	198722.397361	0.955992	374485000	
500	191486.234254	1.000000	3132475700	191486.234254	1.000000	5001100	191486.234254	1.000000	89764500	197694.403300	0.968597	398024300	
500	183555.831298	1.000000	2732512300	183555.831298	1.000000	5004600	183555.831298	1.000000	60521100	188182.835652	0.975412	375523200	
500	189383.915451	1.000000	3680287600	189383.915451	1.000000	5008800	189383.915451	1.000000	77042800	192163.552162	0.985535	382601100	
500	185912.011191	1.000000	2789661400	185912.011191	1.000000	6013900	185912.011191	1.000000	58518800	194214.461069	0.957251	419421700	
500	190555.495587	1.000000	3928296700	190555.495587	1.000000	5002000	190555.495587	1.000000	83530500	197525.931144	0.964711	369113100	
500	191088.251873	1.000000	3957709600	191971.126652	0.995401	5001300	191088.251873	1.000000	80070600	196344.115169	0.973231	366181800	
500	185761.692160	1.000000	3896377300	185799.849218	0.999795	5518000	185761.692160	1.000000	82009000	193876.109359	0.958146	375300000	
500	188149.330283	1.000000	4235726000	188149.330283	1.000000	5001100	188149.330283	1.000000	84603300	196038.892596	0.959755	379480900	
600	206515.310917	1.000000	5934664800	206548.571514	0.999839	8001800	206515.310917	1.000000	106536500	213901.064773	0.965471	631395100	
600	206583.914814	1.000000	7612110400	206583.914814	1.000000	7302300	206583.914814	1.000000	134083300	212487.663584	0.972216	643652900	
600	208699.454669	1.000000	5746611500	209231.342604	0.997458	7001800	208699.454669	1.000000	124598000	216126.916298	0.965634	642981200	
600	207007.630330	1.000000	7583131000	207047.449213	0.999808	7001100	207007.630330	1.000000	131074600	214901.406719	0.963268	638284000	
600	205027.564090	1.000000	7610645900	205027.564090	1.000000	7001600	205027.564090	1.000000	133077900	210334.744635	0.974768	619805500	
600	206968.785687	1.000000	8190256800	206968.785687	1.000000	7995400	206968.785687	1.000000	137659400	210222.076321	0.984525	669904800	
600	206167.929069	1.000000	6025123000	206167.929069	1.000000	7519500	206167.929069	1.000000	106549200	213279.467093	0.966656	676456000	
600	215232.787648	1.000000	8015643000	215946.877316	0.996693	8015200	215232.787648	1.000000	157124100	221008.972830	0.973864	646966600	
600	209470.684372	1.000000	5949339700	209470.684372	1.000000	7017400	209470.684372	1.000000	106196000	215811.594206	0.970618	653681100	
600	207534.610186	1.000000	7295564600	207892.233209	0.998280	7000200	207534.610186	1.000000	131953800	216387.068885	0.959090	641779900	
600	207995.768436	1.000000	8070291700	207995.768436	1.000000	7001500	207995.768436	1.000000	140516500	216852.222716	0.959159	658390800	
600	210736.725264	1.000000	8035802700	211786.198490	0.995045	6998700	210736.725264	1.000000	137045900	219442.347412	0.960328	673204600	
600	208100.833191	1.000000	6389089500	208100.833191	1.000000	8001800	208100.833191	1.000000	112086900	213671.077420	0.973931	637870400	
600	208708.413652	1.000000	8444693500	208754.110432	0.999781	6991600	208708.413652	1.000000	145392500	216851.014245	0.962451	662352100	
600	208640.735733	1.000000	6656432500	208682.134229	0.999802	8001400	208640.735733	1.000000	126010200	215383.752754	0.968693	663298200	
600	209525.198387	1.000000	7059686600	209556.493089	0.999851	6999300	209525.198387	1.000000	129152400	220187.292318	0.951577	641843400	
600	204475.821914	1.000000	6761690400	204475.821914	1.000000	7014800	204475.821914	1.000000	121572900	213063.740362	0.959693	645947100	
600	207378.056766	1.000000	7128042700	207378.056766	1.000000	7004300	207378.056766	1.000000	127080600	210844.154429	0.983561	644512800	
600	214448.854676	1.000000	6133406100	214448.854676	1.000000	7011000	214448.854676	1.000000	106556700	221050.285110	0.970136	657447100	
600	209504.981026	1.000000	6751362700	209504.981026	1.000000	7001400	209504.981026	1.000000	115393500	216143.553240	0.969286	636020100	
600	208845.511409	1.000000	7622320100	209068.387177	0.998934	7507200	208845.511409	1.000000	182138600	217381.479267	0.960733	655905100	
600	211997.311936	1.000000	6364246900	211997.311936	1.000000	8002200	211997.311936	1.000000	118955800	216124.433829	0.980904	642452000	
600	202973.271396	1.000000	5871569300	202973.271396	1.000000	7004100	202973.271396	1.000000	105098600	209552.877815	0.968602	632529900	
600	206016.921214	1.000000	8674421700	206016.921214	1.000000	7001400	206016.921214	1.000000	155055400	215956.020124	0.953976	651701700	
600	206875.342434	1.000000	6860217800	206948.281583	0.999648	6992800	206875.342434	1.000000	116726400	211579.156374	0.977768	664312500	
600	208782.422873	1.000000	4362861000	208824.678904	0.999798	7011900	208782.422873	1.000000	99539200	213409.132799	0.978320	667824800	
600	213030.941323	1.000000	7698519800	213226.001135	0.999085	7517600	213030.941323	1.000000	147616100	221167.918147	0.963209	672762300	
600	205178.770975	1.000000	7191554000	205178.770975	1.000000	7518700	205178.770975	1.000000	127557700	212733.419047	0.964488	631468100	
600	204400.485293	1.000000	5818045600	204400.485293	1.000000	8001100	204400.485293	1.000000	106557800	209634.479906	0.975033	638442900	
600	212865.394538	1.000000	7792010100	212867.426367	0.999990	8001700	212865.394538	1.000000	146960700	218954.712061	0.972189	658762300	
600	204120.646822	1.000000	6706317600	204120.646822	1.000000	7001300	204120.646822	1.000000	116900400	208739.736917	0.977872	632857600	
600	207852.214300	1.000000	6148120100	207852.214300	1.000000	7005100	207852.214300	1.000000	113267900	211836.741961	0.981191	639510500	
600	208590.305280	1.000000	5484993900	208590.305280	1.000000	7001500	208590.305280	1.000000	99699000	214444.359798	0.972701	646667900	
600	207391.729094	1.000000	6754979200	207399.519926	0.999962	7526000	207391.729094	1.000000	119592600	212817.057593	0.974507	627721400	
600	208709.235654	1.000000	7411167200	208709.235654	1.000000	7002500	208709.235654	1.000000	120045200	211497.335192	0.986817	663648200	
600	206285.801492	1.000000	4596994500	206285.801492	1.000000	7001600	206285.801492	1.000000	87553200	210856.283709	0.978324	628865100	
600	200234.216042	1.000000	5970572500	200234.216042	1.000000	7379700	200234.216042	1.000000	106047100	207259.500174	0.966104	683585100	
600	208481.532960	1.000000	3909344300	208481.532960	1.000000	7010700	208481.532960	1.000000	71042800	213979.430455	0.974306	688753600	
600	207637.509375	1.000000	6963270700	207637.509375	1.000000	7001000	207637.509375	1.000000	119007400	213991.176682	0.970309	657673900	
600	205393.547365	1.000000	7304272900	205583.837551	0.999074	8001500	205393.547365	1.000000	127597800	214312.019187	0.958386	650198100	
600	208658.150871	1.000000	6870999400	208658.150871	1.000000	7004800	208658.150871	1.000000	119171600	214459.289563	0.972950	671861100	
600	210164.942522	1.000000	6942413000	210164.942522	1.000000	7001600	210164.942522	1.000000	117996100	217086.325024	0.968117	643101300	
600	205321.623866	1.000000	3565304600	205321.623866	1.000000	8002100	205321.623866	1.000000	63556700	211033.504565	0.972934	642046800	
600	210725.830085	1.000000	6655617100	210754.650301	0.999863	7010100	210725.830085	1.000000	122081700	219556.912748	0.959778	654342400	
600	205245.338014	1.000000	7284295200	205337.476951	0.999551	7001000	205245.338014	1.000000	124110600	212299.576161	0.966772	648963200	
600	205881.298195	1.000000	7066231500	205881.298195	1.000000	7002500	205881.298195	1.000000	128575000	212246.055983	0.970012	642217900	
600	209862.364749	1.000000	7975868400	209862.364749	1.000000	7000400	209862.364749	1.000000	134090300	215125.547972	0.975534	635949100	
600	206328.821089	1.000000	6960043800	206328.821089	1.000000	6517500	206328.821089	1.000000	125575600	212674.024742	0.970165	645551000	
600	209859.156338	1.000000	6306384000	209859.156338	1.000000	7993500	209859.156338	1.000000	117137000	215356.247235	0.974474	631898300	
600	207612.279163	1.000000	8239839700	207612.279163	1.000000	7002200	207612.279163	1.000000	151556900	212194.831660	0.978404	645074000	
600	215695.201351	1.000000	6443759100	216237.387868	0.997493	7001800	215695.201351	1.000000	110562500	221531.730705	0.973654	669381500	
600	204700.208338	1.000000	6965930400	204700.208338	1.000000	7015400	204700.208338	1.000000	120087700	209813.895945	0.975628	649903300	
600	205857.056959	1.000000	8012370000	206921.580179	0.994855	6993600	205857.056959	1.000000	178070700	212548.990958	0.968516	629755400	
600	206493.044270	1.000000	7800910500	206493.044270	1.000000	7992000	206493.044270	1.000000	142055800	207951.479445	0.992987	638743300	
600	211433.108277	1.000000	6347238300	211433.108277	1.000000	8001900	211433.108277	1.000000	116553500	216136.581934	0.978238	631346700	
600	210156.963374	1.000000	7395797500	210156.963374	1.000000	7011500	210156.963374	1.000000	144044800	217403.538502	0.966668	654071400	
600	211126.670761	1.000000	5929970600	211164.715105	0.999820	7001600	211126.670761	1.000000	108049200	216390.853117	0.975673	669103400	
600	206406.388139	1.000000	7264257800	206406.388139	1.000000	8001900	206406.388139	1.000000	124628800	211959.552070	0.973801	645888000	
600	211495.244209	1.000000	6303113100	211640.968942	0.999311	8001000	211495.244209	1.000000	109867500	218402.328147	0.968374	676103600	
600	206006.678986	1.000000	6972704400	206201.458730	0.999055	6998600	206006.678986	1.000000	131165600	209642.347311	0.982658	607069600	
600	209062.560042	1.000000	5763072500	209090.397237	0.999867	7001300	209062.560042	1.000000	106548200	215555.762180	0.969877	630793800	
600	204933.669311	1.000000	5345762400	204933.669311	1.000000	8001900	204933.669311	1.000000	100555300	210488.680220	0.973609	623234800	
600	207476.154999	1.000000	5547000300	208776.405121	0.993772	7002000	207476.154999	1.000000	98546200	219621.271300	0.944700	667492600	
600	211770.682967	1.000000	6709709800	212262.878579	0.997681	8000900	211770.682967	1.000000	121244400	218521.011147	0.969109	670331400	
600	207915.124600	1.000000	6303492700	209078.139037	0.994437	7003200	207915.124600	1.000000	110040500	213805.934050	0.972448	630024400	
600	203846.172239	1.000000	7637220600	203846.172239	1.000000	7507700	203846.172239	1.000000	135044500	211306.040616	0.964696	660766200	
600	211163.234367	1.000000	7675033900	211163.234367	1.000000	8001700	211163.234367	1.000000	131126800	214053.619798	0.986497	637355900	
600	205383.528147	1.000000	6412473500	205383.528147	1.000000	7001900	205383.528147	1.000000	116042400	211967.426171	0.968939	672410800	
600	207479.066019	1.000000	7578342300	207479.066019	1.000000	7001200	207479.066019	1.000000	128051800	220628.095824	0.940402	652826500	
600	209224.421894	1.000000	7176256100	209254.695059	0.999855	7001700	209224.421894	1.000000	127047400	215052.185929	0.972901	661582800	
600	212318.302134	1.000000	5560487100	212318.302134	1.000000	7004300	212318.302134	1.000000	98040500	216063.024048	0.982668	635088000	
600	212971.777172	1.000000	6888645800	212971.777172	1.000000	7508900	212971.777172	1.000000	119597700	215971.044537	0.986113	646822600	
600	204109.639090	1.000000	7459227200	204109.639090	1.000000	7001700	204109.639090	1.000000	131072900	210765.037450	0.968423	642052600	
600	209181.728499	1.000000	8217540900	209221.903375	0.999808	7508400	209181.728499	1.000000	148955100	216108.249897	0.967949	653995800	
600	205681.612822	1.000000	6777673600	205681.612822	1.000000	8001600	205681.612822	1.000000	125057300	211057.889704	0.974527	670285000	
600	214661.224344	1.000000	5922830200	214661.224344	1.000000	8002300	214661.224344	1.000000	103535000	218202.259224	0.983772	647008800	
600	207515.437782	1.000000	7077314100	207515.437782	1.000000	7006100	207515.437782	1.000000	121115300	212939.636867	0.974527	664505700	
600	211432.321260	1.000000	7393531900	211668.527119	0.998884	7010200	211432.321260	1.000000	133102800	223380.086134	0.946514	640521300	
600	208508.520002	1.000000	7202259500	208508.520002	1.000000	7001900	208508.520002	1.000000	129103500	216171.219193	0.964553	661785800	
600	212470.452204	1.000000	6332275600	212470.452204	1.000000	7991500	212470.452204	1.000000	109574700	222418.598350	0.955273	647484400	
600	212173.491976	1.000000	5947808200	212173.491976	1.000000	7001100	212173.491976	1.000000	129952400	222160.124194	0.955048	686931300	
600	207780.699909	1.000000	7757906900	207780.699909	1.000000	7518000	207780.699909	1.000000	137588300	218322.755827	0.951713	652218500	
600	207652.114069	1.000000	6047774700	207652.114069	1.000000	7001300	207652.114069	1.000000	107043800	216296.205113	0.960036	660285400	
600	207426.471359	1.000000	8025294200	207426.471359	1.000000	7001600	207426.471359	1.000000	137634300	215830.788484	0.961061	639595400	
600	202358.825949	1.000000	6295801200	202358.825949	1.000000	8001800	202358.825949	1.000000	113932000	208890.647689	0.968731	633583000	
600	207071.937390	1.000000	6111790300	207071.937390	1.000000	8001900	207071.937390	1.000000	104653500	214179.901742	0.966813	675080900	
600	207427.830615	1.000000	7970708900	207427.830615	1.000000	7001600	207427.830615	1.000000	135359100	212582.714367	0.975751	673180600	
600	212537.959319	1.000000	7182000500	212537.959319	1.000000	6893100	212537.959319	1.000000	143060400	221807.156746	0.958211	687794400	
600	206572.577318	1.000000	5047714500	206572.577318	1.000000	7001400	206572.577318	1.000000	90789600	218355.429294	0.946038	684771200	
600	203233.571985	1.000000	7618859500	203576.445386	0.998316	7509000	203233.571985	1.000000	132693300	210252.400449	0.966617	644930800	
600	209512.708900	1.000000	7585326200	209512.708900	1.000000	7011700	209512.708900	1.000000	131589600	215486.699592	0.972277	647288200	
600	208622.495072	1.000000	7427854200	208622.495072	1.000000	6000700	208622.495072	1.000000	128046600	214024.195357	0.974761	629253400	
600	202475.254087	1.000000	6035815100	202519.783110	0.999780	7011800	202475.254087	1.000000	134094200	206478.214966	0.980613	648282800	
600	207168.229889	1.000000	6420570100	207168.229889	1.000000	7001800	207168.229889	1.000000	118535500	214754.275760	0.964676	645272500	
600	206723.978419	1.000000	7362772900	206723.978419	1.000000	7001600	206723.978419	1.000000	123396000	211073.062184	0.979395	678437200	
600	205310.452480	1.000000	7287572500	205310.452480	1.000000	7001700	205310.452480	1.000000	127059100	210309.097223	0.976232	677930100	
600	